0 verbose cli C:\Program Files\nodejs\node.exe C:\Program Files\nodejs\node_modules\npm\bin\npm-cli.js
1 info using npm@11.9.0
2 info using node@v24.14.0
3 silly config load:file:C:\Program Files\nodejs\node_modules\npm\npmrc
4 silly config load:file:D:\Enerpay\.npmrc
5 silly config load:file:C:\Users\dharanidharan s\.npmrc
6 silly config load:file:C:\Users\dharanidharan s\AppData\Roaming\npm\etc\npmrc
7 verbose title npm install
8 verbose argv "install" "--cache" ".npm-cache"
9 verbose logfile logs-max:10 dir:D:\Enerpay\.npm-cache\_logs\2026-08-25T17_42_01_678Z-
10 verbose logfile D:\Enerpay\.npm-cache\_logs\2026-08-25T17_42_01_678Z-debug-0.log
11 silly logfile done cleaning log files
12 silly packumentCache heap:4496293888 maxSize:1124073472 maxEntrySize:562036736
13 silly idealTree buildDeps
14 silly fetch manifest bcryptjs@^2.4.3
15 silly packumentCache full:https://registry.npmjs.org/bcryptjs cache-miss
16 http fetch GET 200 https://registry.npmjs.org/bcryptjs 137ms (cache miss)
17 silly packumentCache full:https://registry.npmjs.org/bcryptjs set size:undefined disposed:false
18 silly fetch manifest cors@^2.8.5
19 silly packumentCache full:https://registry.npmjs.org/cors cache-miss
20 http fetch GET 200 https://registry.npmjs.org/cors 46ms (cache miss)
21 silly packumentCache full:https://registry.npmjs.org/cors set size:undefined disposed:false
22 silly fetch manifest dotenv@^16.4.7
23 silly packumentCache full:https://registry.npmjs.org/dotenv cache-miss
24 http fetch GET 200 https://registry.npmjs.org/dotenv 304ms (cache miss)
25 silly packumentCache full:https://registry.npmjs.org/dotenv set size:undefined disposed:false
26 silly fetch manifest express@^4.21.2
27 silly packumentCache full:https://registry.npmjs.org/express cache-miss
28 http fetch GET 200 https://registry.npmjs.org/express 70ms (cache miss)
29 silly packumentCache full:https://registry.npmjs.org/express set size:undefined disposed:false
30 silly fetch manifest jsonwebtoken@^9.0.2
31 silly packumentCache full:https://registry.npmjs.org/jsonwebtoken cache-miss
32 http fetch GET 200 https://registry.npmjs.org/jsonwebtoken 36ms (cache miss)
33 silly packumentCache full:https://registry.npmjs.org/jsonwebtoken set size:undefined disposed:false
34 silly fetch manifest mongoose@^8.9.5
35 silly packumentCache full:https://registry.npmjs.org/mongoose cache-miss
36 http fetch GET 200 https://registry.npmjs.org/npm 1134ms
37 http fetch GET 200 https://registry.npmjs.org/mongoose 3432ms (cache miss)
38 silly packumentCache full:https://registry.npmjs.org/mongoose set size:undefined disposed:false
39 silly fetch manifest @vitejs/plugin-react@^4.3.4
40 silly packumentCache full:https://registry.npmjs.org/@vitejs%2fplugin-react cache-miss
41 http fetch GET 200 https://registry.npmjs.org/@vitejs%2fplugin-react 76ms (cache miss)
42 silly packumentCache full:https://registry.npmjs.org/@vitejs%2fplugin-react set size:undefined disposed:false
43 silly fetch manifest vite@^6.0.5
44 silly packumentCache full:https://registry.npmjs.org/vite cache-miss
45 http fetch GET 200 https://registry.npmjs.org/vite 1241ms (cache miss)
46 silly packumentCache full:https://registry.npmjs.org/vite set size:undefined disposed:false
47 silly fetch manifest @types/node@^18.0.0 || ^20.0.0 || >=22.0.0
48 silly packumentCache full:https://registry.npmjs.org/@types%2fnode cache-miss
49 http fetch GET 200 https://registry.npmjs.org/@types%2fnode 507ms (cache miss)
50 silly packumentCache full:https://registry.npmjs.org/@types%2fnode set size:undefined disposed:false
51 silly fetch manifest jiti@>=1.21.0
52 silly packumentCache full:https://registry.npmjs.org/jiti cache-miss
53 http fetch GET 200 https://registry.npmjs.org/jiti 54ms (cache miss)
54 silly packumentCache full:https://registry.npmjs.org/jiti set size:undefined disposed:false
55 silly fetch manifest less@*
56 silly packumentCache full:https://registry.npmjs.org/less cache-miss
57 http fetch GET 200 https://registry.npmjs.org/less 98ms (cache miss)
58 silly packumentCache full:https://registry.npmjs.org/less set size:undefined disposed:false
59 silly fetch manifest lightningcss@^1.21.0
60 silly packumentCache full:https://registry.npmjs.org/lightningcss cache-miss
61 http fetch GET 200 https://registry.npmjs.org/lightningcss 1631ms (cache miss)
62 silly packumentCache full:https://registry.npmjs.org/lightningcss set size:undefined disposed:false
63 silly fetch manifest sass@*
64 silly packumentCache full:https://registry.npmjs.org/sass cache-miss
65 http fetch GET 200 https://registry.npmjs.org/sass 75ms (cache miss)
66 silly packumentCache full:https://registry.npmjs.org/sass set size:undefined disposed:false
67 silly fetch manifest sass-embedded@*
68 silly packumentCache full:https://registry.npmjs.org/sass-embedded cache-miss
69 http fetch GET 200 https://registry.npmjs.org/sass-embedded 51ms (cache miss)
70 silly packumentCache full:https://registry.npmjs.org/sass-embedded set size:undefined disposed:false
71 silly fetch manifest stylus@*
72 silly packumentCache full:https://registry.npmjs.org/stylus cache-miss
73 http fetch GET 200 https://registry.npmjs.org/stylus 36ms (cache miss)
74 silly packumentCache full:https://registry.npmjs.org/stylus set size:undefined disposed:false
75 silly fetch manifest sugarss@*
76 silly packumentCache full:https://registry.npmjs.org/sugarss cache-miss
77 http fetch GET 200 https://registry.npmjs.org/sugarss 24ms (cache miss)
78 silly packumentCache full:https://registry.npmjs.org/sugarss set size:undefined disposed:false
79 silly fetch manifest postcss@^8.3.3
80 silly packumentCache full:https://registry.npmjs.org/postcss cache-miss
81 http fetch GET 200 https://registry.npmjs.org/postcss 63ms (cache miss)
82 silly packumentCache full:https://registry.npmjs.org/postcss set size:undefined disposed:false
83 silly fetch manifest terser@^5.16.0
84 silly packumentCache full:https://registry.npmjs.org/terser cache-miss
85 http fetch GET 200 https://registry.npmjs.org/terser 50ms (cache miss)
86 silly packumentCache full:https://registry.npmjs.org/terser set size:undefined disposed:false
87 silly fetch manifest tsx@^4.8.1
88 silly packumentCache full:https://registry.npmjs.org/tsx cache-miss
89 http fetch GET 200 https://registry.npmjs.org/tsx 38ms (cache miss)
90 silly packumentCache full:https://registry.npmjs.org/tsx set size:undefined disposed:false
91 silly fetch manifest yaml@^2.4.2
92 silly packumentCache full:https://registry.npmjs.org/yaml cache-miss
93 http fetch GET 200 https://registry.npmjs.org/yaml 45ms (cache miss)
94 silly packumentCache full:https://registry.npmjs.org/yaml set size:undefined disposed:false
95 silly fetch manifest concurrently@^9.1.0
96 silly packumentCache full:https://registry.npmjs.org/concurrently cache-miss
97 http fetch GET 200 https://registry.npmjs.org/concurrently 39ms (cache miss)
98 silly packumentCache full:https://registry.npmjs.org/concurrently set size:undefined disposed:false
99 silly fetch manifest react@^18.3.1
100 silly packumentCache full:https://registry.npmjs.org/react cache-miss
101 http fetch GET 200 https://registry.npmjs.org/react 184ms (cache miss)
102 silly packumentCache full:https://registry.npmjs.org/react set size:undefined disposed:false
103 silly fetch manifest react-dom@^18.3.1
104 silly packumentCache full:https://registry.npmjs.org/react-dom cache-miss
105 http fetch GET 200 https://registry.npmjs.org/react-dom 246ms (cache miss)
106 silly packumentCache full:https://registry.npmjs.org/react-dom set size:undefined disposed:false
107 silly placeDep ROOT @vitejs/plugin-react@4.7.0 OK for:  want: ^4.3.4
108 silly placeDep ROOT vite@6.4.3 OK for: @vitejs/plugin-react@4.7.0 want: ^4.2.0 || ^5.0.0 || ^6.0.0 || ^7.0.0
109 silly placeDep ROOT bcryptjs@2.4.3 OK for:  want: ^2.4.3
110 silly placeDep ROOT concurrently@9.2.4 OK for:  want: ^9.1.0
111 silly placeDep ROOT cors@2.8.6 OK for:  want: ^2.8.5
112 silly placeDep ROOT dotenv@16.6.1 OK for:  want: ^16.4.7
113 silly placeDep ROOT express@4.22.2 OK for:  want: ^4.21.2
114 silly placeDep ROOT jsonwebtoken@9.0.3 OK for:  want: ^9.0.2
115 silly placeDep ROOT mongoose@8.24.4 OK for:  want: ^8.9.5
116 silly placeDep ROOT react@18.3.1 OK for:  want: ^18.3.1
117 silly placeDep ROOT react-dom@18.3.1 OK for:  want: ^18.3.1
118 silly fetch manifest @babel/core@^7.28.0
119 silly packumentCache full:https://registry.npmjs.org/@babel%2fcore cache-miss
120 silly fetch manifest react-refresh@^0.17.0
121 silly packumentCache full:https://registry.npmjs.org/react-refresh cache-miss
122 silly fetch manifest @types/babel__core@^7.20.5
123 silly packumentCache full:https://registry.npmjs.org/@types%2fbabel__core cache-miss
124 silly fetch manifest @rolldown/pluginutils@1.0.0-beta.27
125 silly packumentCache full:https://registry.npmjs.org/@rolldown%2fpluginutils cache-miss
126 silly fetch manifest @babel/plugin-transform-react-jsx-self@^7.27.1
127 silly packumentCache full:https://registry.npmjs.org/@babel%2fplugin-transform-react-jsx-self cache-miss
128 silly fetch manifest @babel/plugin-transform-react-jsx-source@^7.27.1
129 silly packumentCache full:https://registry.npmjs.org/@babel%2fplugin-transform-react-jsx-source cache-miss
130 silly fetch manifest fdir@^6.4.4
131 silly packumentCache full:https://registry.npmjs.org/fdir cache-miss
132 silly fetch manifest rollup@^4.34.9
133 silly packumentCache full:https://registry.npmjs.org/rollup cache-miss
134 silly fetch manifest esbuild@^0.25.0
135 silly packumentCache full:https://registry.npmjs.org/esbuild cache-miss
136 silly fetch manifest postcss@^8.5.3
137 silly packumentCache full:https://registry.npmjs.org/postcss cache-miss
138 silly fetch manifest picomatch@^4.0.2
139 silly packumentCache full:https://registry.npmjs.org/picomatch cache-miss
140 silly fetch manifest tinyglobby@^0.2.13
141 silly packumentCache full:https://registry.npmjs.org/tinyglobby cache-miss
142 silly fetch manifest fsevents@~2.3.3
143 silly packumentCache full:https://registry.npmjs.org/fsevents cache-miss
144 silly fetch manifest rxjs@7.8.2
145 silly packumentCache full:https://registry.npmjs.org/rxjs cache-miss
146 silly fetch manifest chalk@4.1.2
147 silly packumentCache full:https://registry.npmjs.org/chalk cache-miss
148 http cache https://registry.npmjs.org/postcss 70ms (cache hit)
149 silly packumentCache full:https://registry.npmjs.org/postcss set size:760024 disposed:false
150 silly fetch manifest yargs@17.7.2
151 silly packumentCache full:https://registry.npmjs.org/yargs cache-miss
152 http fetch GET 200 https://registry.npmjs.org/@babel%2fcore 149ms (cache miss)
153 silly packumentCache full:https://registry.npmjs.org/@babel%2fcore set size:undefined disposed:false
154 silly fetch manifest tree-kill@1.2.2
155 silly packumentCache full:https://registry.npmjs.org/tree-kill cache-miss
156 http fetch GET 200 https://registry.npmjs.org/tinyglobby 416ms (cache miss)
157 silly packumentCache full:https://registry.npmjs.org/tinyglobby set size:undefined disposed:false
158 silly fetch manifest shell-quote@1.9.0
159 silly packumentCache full:https://registry.npmjs.org/shell-quote cache-miss
160 http fetch GET 200 https://registry.npmjs.org/shell-quote 52ms (cache miss)
161 silly packumentCache full:https://registry.npmjs.org/shell-quote set size:undefined disposed:false
162 silly fetch manifest supports-color@8.1.1
163 silly packumentCache full:https://registry.npmjs.org/supports-color cache-miss
164 http fetch GET 200 https://registry.npmjs.org/react-refresh 500ms (cache miss)
165 silly packumentCache full:https://registry.npmjs.org/react-refresh set size:undefined disposed:false
166 silly fetch manifest object-assign@^4
167 silly packumentCache full:https://registry.npmjs.org/object-assign cache-miss
168 http fetch GET 200 https://registry.npmjs.org/rxjs 546ms (cache miss)
169 silly packumentCache full:https://registry.npmjs.org/rxjs set size:undefined disposed:false
170 silly fetch manifest vary@^1
171 silly packumentCache full:https://registry.npmjs.org/vary cache-miss
172 http fetch GET 200 https://registry.npmjs.org/@rolldown%2fpluginutils 562ms (cache miss)
173 silly packumentCache full:https://registry.npmjs.org/@rolldown%2fpluginutils set size:undefined disposed:false
174 silly fetch manifest qs@~6.15.1
175 silly packumentCache full:https://registry.npmjs.org/qs cache-miss
176 http fetch GET 200 https://registry.npmjs.org/@types%2fbabel__core 567ms (cache miss)
177 silly packumentCache full:https://registry.npmjs.org/@types%2fbabel__core set size:undefined disposed:false
178 silly fetch manifest depd@2.0.0
179 silly packumentCache full:https://registry.npmjs.org/depd cache-miss
180 http fetch GET 200 https://registry.npmjs.org/object-assign 37ms (cache miss)
181 silly packumentCache full:https://registry.npmjs.org/object-assign set size:undefined disposed:false
182 silly fetch manifest etag@~1.8.1
183 silly packumentCache full:https://registry.npmjs.org/etag cache-miss
184 http fetch GET 200 https://registry.npmjs.org/supports-color 113ms (cache miss)
185 silly packumentCache full:https://registry.npmjs.org/supports-color set size:undefined disposed:false
186 silly fetch manifest send@~0.19.0
187 silly packumentCache full:https://registry.npmjs.org/send cache-miss
188 http fetch GET 200 https://registry.npmjs.org/etag 48ms (cache miss)
189 silly packumentCache full:https://registry.npmjs.org/etag set size:undefined disposed:false
190 silly fetch manifest vary@~1.1.2
191 silly packumentCache full:https://registry.npmjs.org/vary cache-miss
192 http fetch GET 200 https://registry.npmjs.org/vary 28ms (cache miss)
193 silly packumentCache full:https://registry.npmjs.org/vary set size:undefined disposed:false
194 silly fetch manifest debug@2.6.9
195 silly packumentCache full:https://registry.npmjs.org/debug cache-miss
196 http fetch GET 200 https://registry.npmjs.org/esbuild 719ms (cache miss)
197 silly packumentCache full:https://registry.npmjs.org/esbuild set size:undefined disposed:false
198 silly fetch manifest fresh@~0.5.2
199 silly packumentCache full:https://registry.npmjs.org/fresh cache-miss
200 http fetch GET 200 https://registry.npmjs.org/qs 172ms (cache miss)
201 silly packumentCache full:https://registry.npmjs.org/qs set size:undefined disposed:false
202 silly fetch manifest cookie@~0.7.1
203 silly packumentCache full:https://registry.npmjs.org/cookie cache-miss
204 http fetch GET 200 https://registry.npmjs.org/fresh 41ms (cache miss)
205 silly packumentCache full:https://registry.npmjs.org/fresh set size:undefined disposed:false
206 silly fetch manifest accepts@~1.3.8
207 silly packumentCache full:https://registry.npmjs.org/accepts cache-miss
208 http fetch GET 200 https://registry.npmjs.org/debug 112ms (cache miss)
209 silly packumentCache full:https://registry.npmjs.org/debug set size:undefined disposed:false
210 silly fetch manifest methods@~1.1.2
211 silly packumentCache full:https://registry.npmjs.org/methods cache-miss
212 http fetch GET 200 https://registry.npmjs.org/cookie 55ms (cache miss)
213 silly packumentCache full:https://registry.npmjs.org/cookie set size:undefined disposed:false
214 silly fetch manifest type-is@~1.6.18
215 silly packumentCache full:https://registry.npmjs.org/type-is cache-miss
216 http fetch GET 200 https://registry.npmjs.org/methods 33ms (cache miss)
217 silly packumentCache full:https://registry.npmjs.org/methods set size:undefined disposed:false
218 silly fetch manifest parseurl@~1.3.3
219 silly packumentCache full:https://registry.npmjs.org/parseurl cache-miss
220 http fetch GET 200 https://registry.npmjs.org/accepts 42ms (cache miss)
221 silly packumentCache full:https://registry.npmjs.org/accepts set size:undefined disposed:false
222 silly fetch manifest statuses@~2.0.1
223 silly packumentCache full:https://registry.npmjs.org/statuses cache-miss
224 http fetch GET 200 https://registry.npmjs.org/vary 267ms (cache miss)
225 silly packumentCache full:https://registry.npmjs.org/vary set size:undefined disposed:false
226 silly fetch manifest encodeurl@~2.0.0
227 silly packumentCache full:https://registry.npmjs.org/encodeurl cache-miss
228 http fetch GET 200 https://registry.npmjs.org/depd 279ms (cache miss)
229 silly packumentCache full:https://registry.npmjs.org/depd set size:undefined disposed:false
230 silly fetch manifest proxy-addr@~2.0.7
231 silly packumentCache full:https://registry.npmjs.org/proxy-addr cache-miss
232 http fetch GET 200 https://registry.npmjs.org/yargs 814ms (cache miss)
233 silly packumentCache full:https://registry.npmjs.org/yargs set size:undefined disposed:false
234 silly fetch manifest body-parser@~1.20.5
235 silly packumentCache full:https://registry.npmjs.org/body-parser cache-miss
236 http fetch GET 200 https://registry.npmjs.org/parseurl 268ms (cache miss)
237 silly packumentCache full:https://registry.npmjs.org/parseurl set size:undefined disposed:false
238 silly fetch manifest escape-html@~1.0.3
239 silly packumentCache full:https://registry.npmjs.org/escape-html cache-miss
240 http fetch GET 200 https://registry.npmjs.org/type-is 291ms (cache miss)
241 silly packumentCache full:https://registry.npmjs.org/type-is set size:undefined disposed:false
242 silly fetch manifest http-errors@~2.0.0
243 silly packumentCache full:https://registry.npmjs.org/http-errors cache-miss
244 http fetch GET 200 https://registry.npmjs.org/escape-html 40ms (cache miss)
245 silly packumentCache full:https://registry.npmjs.org/escape-html set size:undefined disposed:false
246 silly fetch manifest on-finished@~2.4.1
247 silly packumentCache full:https://registry.npmjs.org/on-finished cache-miss
248 http fetch GET 200 https://registry.npmjs.org/http-errors 72ms (cache miss)
249 silly packumentCache full:https://registry.npmjs.org/http-errors set size:undefined disposed:false
250 silly fetch manifest safe-buffer@5.2.1
251 silly packumentCache full:https://registry.npmjs.org/safe-buffer cache-miss
252 http fetch GET 200 https://registry.npmjs.org/rollup 1198ms (cache miss)
253 silly packumentCache full:https://registry.npmjs.org/rollup set size:undefined disposed:false
254 silly fetch manifest utils-merge@1.0.1
255 silly packumentCache full:https://registry.npmjs.org/utils-merge cache-miss
256 http fetch GET 200 https://registry.npmjs.org/body-parser 374ms (cache miss)
257 silly packumentCache full:https://registry.npmjs.org/body-parser set size:undefined disposed:false
258 silly fetch manifest content-type@~1.0.4
259 silly packumentCache full:https://registry.npmjs.org/content-type cache-miss
260 http fetch GET 200 https://registry.npmjs.org/safe-buffer 133ms (cache miss)
261 silly packumentCache full:https://registry.npmjs.org/safe-buffer set size:undefined disposed:false
262 silly fetch manifest finalhandler@~1.3.1
263 silly packumentCache full:https://registry.npmjs.org/finalhandler cache-miss
264 http fetch GET 200 https://registry.npmjs.org/send 728ms (cache miss)
265 silly packumentCache full:https://registry.npmjs.org/send set size:undefined disposed:false
266 silly fetch manifest range-parser@~1.2.1
267 silly packumentCache full:https://registry.npmjs.org/range-parser cache-miss
268 http fetch GET 200 https://registry.npmjs.org/utils-merge 49ms (cache miss)
269 silly packumentCache full:https://registry.npmjs.org/utils-merge set size:undefined disposed:false
270 silly fetch manifest serve-static@~1.16.2
271 silly packumentCache full:https://registry.npmjs.org/serve-static cache-miss
272 http fetch GET 200 https://registry.npmjs.org/content-type 48ms (cache miss)
273 silly packumentCache full:https://registry.npmjs.org/content-type set size:undefined disposed:false
274 silly fetch manifest array-flatten@1.1.1
275 silly packumentCache full:https://registry.npmjs.org/array-flatten cache-miss
276 http fetch GET 200 https://registry.npmjs.org/finalhandler 52ms (cache miss)
277 silly packumentCache full:https://registry.npmjs.org/finalhandler set size:undefined disposed:false
278 silly fetch manifest path-to-regexp@~0.1.12
279 silly packumentCache full:https://registry.npmjs.org/path-to-regexp cache-miss
280 http fetch GET 200 https://registry.npmjs.org/range-parser 56ms (cache miss)
281 silly packumentCache full:https://registry.npmjs.org/range-parser set size:undefined disposed:false
282 silly fetch manifest setprototypeof@1.2.0
283 silly packumentCache full:https://registry.npmjs.org/setprototypeof cache-miss
284 http fetch GET 200 https://registry.npmjs.org/on-finished 256ms (cache miss)
285 silly packumentCache full:https://registry.npmjs.org/on-finished set size:undefined disposed:false
286 silly fetch manifest cookie-signature@~1.0.6
287 silly packumentCache full:https://registry.npmjs.org/cookie-signature cache-miss
288 http fetch GET 200 https://registry.npmjs.org/setprototypeof 29ms (cache miss)
289 silly packumentCache full:https://registry.npmjs.org/setprototypeof set size:undefined disposed:false
290 silly fetch manifest merge-descriptors@1.0.3
291 silly packumentCache full:https://registry.npmjs.org/merge-descriptors cache-miss
292 http fetch GET 200 https://registry.npmjs.org/serve-static 92ms (cache miss)
293 silly packumentCache full:https://registry.npmjs.org/serve-static set size:undefined disposed:false
294 silly fetch manifest content-disposition@~0.5.4
295 silly packumentCache full:https://registry.npmjs.org/content-disposition cache-miss
296 http fetch GET 200 https://registry.npmjs.org/cookie-signature 35ms (cache miss)
297 silly packumentCache full:https://registry.npmjs.org/cookie-signature set size:undefined disposed:false
298 silly fetch manifest ms@^2.1.1
299 silly packumentCache full:https://registry.npmjs.org/ms cache-miss
300 http fetch GET 200 https://registry.npmjs.org/merge-descriptors 34ms (cache miss)
301 silly packumentCache full:https://registry.npmjs.org/merge-descriptors set size:undefined disposed:false
302 silly fetch manifest jws@^4.0.1
303 silly packumentCache full:https://registry.npmjs.org/jws cache-miss
304 http fetch GET 200 https://registry.npmjs.org/path-to-regexp 104ms (cache miss)
305 silly packumentCache full:https://registry.npmjs.org/path-to-regexp set size:undefined disposed:false
306 silly fetch manifest semver@^7.5.4
307 silly packumentCache full:https://registry.npmjs.org/semver cache-miss
308 http fetch GET 200 https://registry.npmjs.org/ms 58ms (cache miss)
309 silly packumentCache full:https://registry.npmjs.org/ms set size:undefined disposed:false
310 silly fetch manifest lodash.once@^4.0.0
311 silly packumentCache full:https://registry.npmjs.org/lodash.once cache-miss
312 http fetch GET 200 https://registry.npmjs.org/jws 59ms (cache miss)
313 silly packumentCache full:https://registry.npmjs.org/jws set size:undefined disposed:false
314 silly fetch manifest lodash.includes@^4.3.0
315 silly packumentCache full:https://registry.npmjs.org/lodash.includes cache-miss
316 http fetch GET 200 https://registry.npmjs.org/encodeurl 690ms (cache miss)
317 silly packumentCache full:https://registry.npmjs.org/encodeurl set size:undefined disposed:false
318 silly fetch manifest lodash.isnumber@^3.0.3
319 silly packumentCache full:https://registry.npmjs.org/lodash.isnumber cache-miss
320 http fetch GET 200 https://registry.npmjs.org/statuses 715ms (cache miss)
321 silly packumentCache full:https://registry.npmjs.org/statuses set size:undefined disposed:false
322 silly fetch manifest lodash.isstring@^4.0.1
323 silly packumentCache full:https://registry.npmjs.org/lodash.isstring cache-miss
324 http fetch GET 200 https://registry.npmjs.org/lodash.once 56ms (cache miss)
325 silly packumentCache full:https://registry.npmjs.org/lodash.once set size:undefined disposed:false
326 silly fetch manifest lodash.isboolean@^3.0.3
327 silly packumentCache full:https://registry.npmjs.org/lodash.isboolean cache-miss
328 http fetch GET 200 https://registry.npmjs.org/lodash.isnumber 45ms (cache miss)
329 silly packumentCache full:https://registry.npmjs.org/lodash.isnumber set size:undefined disposed:false
330 silly fetch manifest lodash.isinteger@^4.0.4
331 silly packumentCache full:https://registry.npmjs.org/lodash.isinteger cache-miss
332 http fetch GET 200 https://registry.npmjs.org/lodash.isstring 40ms (cache miss)
333 silly packumentCache full:https://registry.npmjs.org/lodash.isstring set size:undefined disposed:false
334 silly fetch manifest lodash.isplainobject@^4.0.6
335 silly packumentCache full:https://registry.npmjs.org/lodash.isplainobject cache-miss
336 http fetch GET 200 https://registry.npmjs.org/proxy-addr 743ms (cache miss)
337 silly packumentCache full:https://registry.npmjs.org/proxy-addr set size:undefined disposed:false
338 silly fetch manifest ms@2.1.3
339 silly packumentCache full:https://registry.npmjs.org/ms cache-miss
340 http fetch GET 200 https://registry.npmjs.org/lodash.isboolean 60ms (cache miss)
341 silly packumentCache full:https://registry.npmjs.org/lodash.isboolean set size:undefined disposed:false
342 silly fetch manifest bson@^6.10.4
343 silly packumentCache full:https://registry.npmjs.org/bson cache-miss
344 http fetch GET 200 https://registry.npmjs.org/semver 152ms (cache miss)
345 silly packumentCache full:https://registry.npmjs.org/semver set size:undefined disposed:false
346 silly fetch manifest sift@17.1.3
347 silly packumentCache full:https://registry.npmjs.org/sift cache-miss
348 http cache https://registry.npmjs.org/ms 43ms (cache hit)
349 silly packumentCache full:https://registry.npmjs.org/ms set size:92208 disposed:false
350 silly fetch manifest mpath@0.9.0
351 silly packumentCache full:https://registry.npmjs.org/mpath cache-miss
352 http fetch GET 200 https://registry.npmjs.org/lodash.isinteger 81ms (cache miss)
353 silly packumentCache full:https://registry.npmjs.org/lodash.isinteger set size:undefined disposed:false
354 silly fetch manifest kareem@2.6.3
355 silly packumentCache full:https://registry.npmjs.org/kareem cache-miss
356 http fetch GET 200 https://registry.npmjs.org/array-flatten 333ms (cache miss)
357 silly packumentCache full:https://registry.npmjs.org/array-flatten set size:undefined disposed:false
358 silly fetch manifest mquery@5.0.0
359 silly packumentCache full:https://registry.npmjs.org/mquery cache-miss
360 http fetch GET 200 https://registry.npmjs.org/lodash.isplainobject 100ms (cache miss)
361 silly packumentCache full:https://registry.npmjs.org/lodash.isplainobject set size:undefined disposed:false
362 silly fetch manifest mongodb@~6.20.0
363 silly packumentCache full:https://registry.npmjs.org/mongodb cache-miss
364 http fetch GET 200 https://registry.npmjs.org/content-disposition 273ms (cache miss)
365 silly packumentCache full:https://registry.npmjs.org/content-disposition set size:undefined disposed:false
366 silly fetch manifest loose-envify@^1.1.0
367 silly packumentCache full:https://registry.npmjs.org/loose-envify cache-miss
368 http fetch GET 200 https://registry.npmjs.org/lodash.includes 256ms (cache miss)
369 silly packumentCache full:https://registry.npmjs.org/lodash.includes set size:undefined disposed:false
370 silly fetch manifest scheduler@^0.23.2
371 silly packumentCache full:https://registry.npmjs.org/scheduler cache-miss
372 http fetch GET 200 https://registry.npmjs.org/loose-envify 72ms (cache miss)
373 silly packumentCache full:https://registry.npmjs.org/loose-envify set size:undefined disposed:false
374 http fetch GET 200 https://registry.npmjs.org/tree-kill 1643ms (cache miss)
375 silly packumentCache full:https://registry.npmjs.org/tree-kill set size:undefined disposed:false
376 http fetch GET 200 https://registry.npmjs.org/mpath 289ms (cache miss)
377 silly packumentCache full:https://registry.npmjs.org/mpath set size:undefined disposed:false
378 http fetch GET 200 https://registry.npmjs.org/kareem 327ms (cache miss)
379 silly packumentCache full:https://registry.npmjs.org/kareem set size:undefined disposed:false
380 http fetch GET 200 https://registry.npmjs.org/fsevents 1977ms (cache miss)
381 silly packumentCache full:https://registry.npmjs.org/fsevents set size:undefined disposed:false
382 http fetch GET 200 https://registry.npmjs.org/mquery 450ms (cache miss)
383 silly packumentCache full:https://registry.npmjs.org/mquery set size:undefined disposed:false
384 http fetch GET 200 https://registry.npmjs.org/picomatch 2257ms (cache miss)
385 silly packumentCache full:https://registry.npmjs.org/picomatch set size:undefined disposed:false
386 http fetch GET 200 https://registry.npmjs.org/mongodb 963ms (cache miss)
387 silly packumentCache full:https://registry.npmjs.org/mongodb set size:undefined disposed:false
388 http fetch GET 200 https://registry.npmjs.org/scheduler 1811ms (cache miss)
389 silly packumentCache full:https://registry.npmjs.org/scheduler set size:undefined disposed:false
390 http fetch GET 200 https://registry.npmjs.org/fdir 3655ms (cache miss)
391 silly packumentCache full:https://registry.npmjs.org/fdir set size:undefined disposed:false
392 http fetch GET 200 https://registry.npmjs.org/chalk 3758ms (cache miss)
393 silly packumentCache full:https://registry.npmjs.org/chalk set size:undefined disposed:false
394 http fetch GET 200 https://registry.npmjs.org/bson 3510ms (cache miss)
395 silly packumentCache full:https://registry.npmjs.org/bson set size:undefined disposed:false
396 http fetch GET 200 https://registry.npmjs.org/sift 3511ms (cache miss)
397 silly packumentCache full:https://registry.npmjs.org/sift set size:undefined disposed:false
398 http fetch GET 200 https://registry.npmjs.org/@babel%2fplugin-transform-react-jsx-source 14044ms (cache miss)
399 silly packumentCache full:https://registry.npmjs.org/@babel%2fplugin-transform-react-jsx-source set size:undefined disposed:false
400 http fetch GET 200 https://registry.npmjs.org/@babel%2fplugin-transform-react-jsx-self 14525ms (cache miss)
401 silly packumentCache full:https://registry.npmjs.org/@babel%2fplugin-transform-react-jsx-self set size:undefined disposed:false
402 silly placeDep ROOT @babel/core@7.29.7 OK for: @vitejs/plugin-react@4.7.0 want: ^7.28.0
403 silly placeDep ROOT @babel/plugin-transform-react-jsx-self@7.29.7 OK for: @vitejs/plugin-react@4.7.0 want: ^7.27.1
404 silly placeDep ROOT @babel/plugin-transform-react-jsx-source@7.29.7 OK for: @vitejs/plugin-react@4.7.0 want: ^7.27.1
405 silly placeDep ROOT @rolldown/pluginutils@1.0.0-beta.27 OK for: @vitejs/plugin-react@4.7.0 want: 1.0.0-beta.27
406 silly placeDep ROOT @types/babel__core@7.20.5 OK for: @vitejs/plugin-react@4.7.0 want: ^7.20.5
407 silly placeDep ROOT react-refresh@0.17.0 OK for: @vitejs/plugin-react@4.7.0 want: ^0.17.0
408 silly fetch manifest debug@^4.1.0
409 silly packumentCache full:https://registry.npmjs.org/debug cache-miss
410 silly fetch manifest json5@^2.2.3
411 silly packumentCache full:https://registry.npmjs.org/json5 cache-miss
412 silly fetch manifest semver@^6.3.1
413 silly packumentCache full:https://registry.npmjs.org/semver cache-miss
414 silly fetch manifest gensync@^1.0.0-beta.2
415 silly packumentCache full:https://registry.npmjs.org/gensync cache-miss
416 silly fetch manifest @babel/types@^7.29.7
417 silly packumentCache full:https://registry.npmjs.org/@babel%2ftypes cache-miss
418 silly fetch manifest @babel/parser@^7.29.7
419 silly packumentCache full:https://registry.npmjs.org/@babel%2fparser cache-miss
420 silly fetch manifest @babel/helpers@^7.29.7
421 silly packumentCache full:https://registry.npmjs.org/@babel%2fhelpers cache-miss
422 silly fetch manifest @babel/template@^7.29.7
423 silly packumentCache full:https://registry.npmjs.org/@babel%2ftemplate cache-miss
424 silly fetch manifest @babel/traverse@^7.29.7
425 silly packumentCache full:https://registry.npmjs.org/@babel%2ftraverse cache-miss
426 silly fetch manifest @babel/generator@^7.29.7
427 silly packumentCache full:https://registry.npmjs.org/@babel%2fgenerator cache-miss
428 silly fetch manifest @babel/code-frame@^7.29.7
429 silly packumentCache full:https://registry.npmjs.org/@babel%2fcode-frame cache-miss
430 silly fetch manifest convert-source-map@^2.0.0
431 silly packumentCache full:https://registry.npmjs.org/convert-source-map cache-miss
432 silly fetch manifest @jridgewell/remapping@^2.3.5
433 silly packumentCache full:https://registry.npmjs.org/@jridgewell%2fremapping cache-miss
434 silly fetch manifest @babel/helper-module-transforms@^7.29.7
435 silly packumentCache full:https://registry.npmjs.org/@babel%2fhelper-module-transforms cache-miss
436 silly fetch manifest @babel/helper-compilation-targets@^7.29.7
437 silly packumentCache full:https://registry.npmjs.org/@babel%2fhelper-compilation-targets cache-miss
438 http cache https://registry.npmjs.org/debug 71ms (cache hit)
439 silly packumentCache full:https://registry.npmjs.org/debug set size:195840 disposed:false
440 silly fetch manifest @babel/helper-plugin-utils@^7.29.7
441 silly packumentCache full:https://registry.npmjs.org/@babel%2fhelper-plugin-utils cache-miss
442 http cache https://registry.npmjs.org/semver 91ms (cache hit)
443 silly packumentCache full:https://registry.npmjs.org/semver set size:246069 disposed:false
444 silly fetch manifest @babel/helper-plugin-utils@^7.29.7
445 silly packumentCache full:https://registry.npmjs.org/@babel%2fhelper-plugin-utils cache-miss
446 http fetch GET 200 https://registry.npmjs.org/gensync 157ms (cache miss)
447 silly packumentCache full:https://registry.npmjs.org/gensync set size:undefined disposed:false
448 silly fetch manifest @babel/types@^7.20.7
449 silly packumentCache full:https://registry.npmjs.org/@babel%2ftypes cache-miss
450 http fetch GET 200 https://registry.npmjs.org/json5 161ms (cache miss)
451 silly packumentCache full:https://registry.npmjs.org/json5 set size:undefined disposed:false
452 silly fetch manifest @babel/parser@^7.20.7
453 silly packumentCache full:https://registry.npmjs.org/@babel%2fparser cache-miss
454 http fetch GET 200 https://registry.npmjs.org/@jridgewell%2fremapping 158ms (cache miss)
455 silly packumentCache full:https://registry.npmjs.org/@jridgewell%2fremapping set size:undefined disposed:false
456 silly fetch manifest @types/babel__template@*
457 silly packumentCache full:https://registry.npmjs.org/@types%2fbabel__template cache-miss
458 http fetch GET 200 https://registry.npmjs.org/convert-source-map 161ms (cache miss)
459 silly packumentCache full:https://registry.npmjs.org/convert-source-map set size:undefined disposed:false
460 silly fetch manifest @types/babel__traverse@*
461 silly packumentCache full:https://registry.npmjs.org/@types%2fbabel__traverse cache-miss
462 http fetch GET 200 https://registry.npmjs.org/@babel%2fhelper-compilation-targets 163ms (cache miss)
463 silly packumentCache full:https://registry.npmjs.org/@babel%2fhelper-compilation-targets set size:undefined disposed:false
464 silly fetch manifest @types/babel__generator@*
465 silly packumentCache full:https://registry.npmjs.org/@types%2fbabel__generator cache-miss
466 http fetch GET 200 https://registry.npmjs.org/@babel%2ftypes 263ms (cache miss)
467 silly packumentCache full:https://registry.npmjs.org/@babel%2ftypes set size:undefined disposed:false
468 http fetch GET 200 https://registry.npmjs.org/@babel%2ftypes 508ms (cache miss)
469 silly packumentCache full:https://registry.npmjs.org/@babel%2ftypes set size:undefined disposed:false
470 http fetch GET 200 https://registry.npmjs.org/@babel%2fgenerator 578ms (cache miss)
471 silly packumentCache full:https://registry.npmjs.org/@babel%2fgenerator set size:undefined disposed:false
472 http fetch GET 200 https://registry.npmjs.org/@babel%2fparser 600ms (cache miss)
473 silly packumentCache full:https://registry.npmjs.org/@babel%2fparser set size:undefined disposed:false
474 http fetch GET 200 https://registry.npmjs.org/@babel%2fhelper-plugin-utils 614ms (cache miss)
475 silly packumentCache full:https://registry.npmjs.org/@babel%2fhelper-plugin-utils set size:undefined disposed:false
476 http fetch GET 200 https://registry.npmjs.org/@babel%2fhelper-plugin-utils 600ms (cache miss)
477 silly packumentCache full:https://registry.npmjs.org/@babel%2fhelper-plugin-utils set size:undefined disposed:false
478 http fetch GET 200 https://registry.npmjs.org/@babel%2fparser 1540ms (cache miss)
479 silly packumentCache full:https://registry.npmjs.org/@babel%2fparser set size:undefined disposed:false
480 http fetch GET 200 https://registry.npmjs.org/@babel%2fcode-frame 1744ms (cache miss)
481 silly packumentCache full:https://registry.npmjs.org/@babel%2fcode-frame set size:undefined disposed:false
482 http fetch GET 200 https://registry.npmjs.org/@babel%2ftemplate 2014ms (cache miss)
483 silly packumentCache full:https://registry.npmjs.org/@babel%2ftemplate set size:undefined disposed:false
484 http fetch GET 200 https://registry.npmjs.org/@babel%2fhelper-module-transforms 2043ms (cache miss)
485 silly packumentCache full:https://registry.npmjs.org/@babel%2fhelper-module-transforms set size:undefined disposed:false
486 http fetch GET 200 https://registry.npmjs.org/@babel%2ftraverse 2048ms (cache miss)
487 silly packumentCache full:https://registry.npmjs.org/@babel%2ftraverse set size:undefined disposed:false
488 http fetch GET 200 https://registry.npmjs.org/@types%2fbabel__template 1902ms (cache miss)
489 silly packumentCache full:https://registry.npmjs.org/@types%2fbabel__template set size:undefined disposed:false
490 http fetch GET 200 https://registry.npmjs.org/@types%2fbabel__traverse 1903ms (cache miss)
491 silly packumentCache full:https://registry.npmjs.org/@types%2fbabel__traverse set size:undefined disposed:false
492 http fetch GET 200 https://registry.npmjs.org/@types%2fbabel__generator 1916ms (cache miss)
493 silly packumentCache full:https://registry.npmjs.org/@types%2fbabel__generator set size:undefined disposed:false
494 http fetch GET 200 https://registry.npmjs.org/@babel%2fhelpers 2155ms (cache miss)
495 silly packumentCache full:https://registry.npmjs.org/@babel%2fhelpers set size:undefined disposed:false
496 silly fetch manifest @babel/core@^7.0.0
497 silly packumentCache full:https://registry.npmjs.org/@babel%2fcore cache-miss
498 http cache https://registry.npmjs.org/@babel%2fcore 21ms (cache hit)
499 silly packumentCache full:https://registry.npmjs.org/@babel%2fcore set size:788273 disposed:false
500 silly placeDep ROOT @babel/code-frame@7.29.7 OK for: @babel/core@7.29.7 want: ^7.29.7
501 silly placeDep ROOT @babel/generator@7.29.8 OK for: @babel/core@7.29.7 want: ^7.29.7
502 silly placeDep ROOT @babel/helper-compilation-targets@7.29.7 OK for: @babel/core@7.29.7 want: ^7.29.7
503 silly placeDep ROOT @babel/helper-module-transforms@7.29.7 OK for: @babel/core@7.29.7 want: ^7.29.7
504 silly placeDep ROOT @babel/helpers@7.29.7 OK for: @babel/core@7.29.7 want: ^7.29.7
505 silly placeDep ROOT @babel/parser@7.29.8 OK for: @babel/core@7.29.7 want: ^7.29.7
506 silly placeDep ROOT @babel/template@7.29.7 OK for: @babel/core@7.29.7 want: ^7.29.7
507 silly placeDep ROOT @babel/traverse@7.29.8 OK for: @babel/core@7.29.7 want: ^7.29.7
508 silly placeDep ROOT @babel/types@7.29.8 OK for: @babel/core@7.29.7 want: ^7.29.7
509 silly placeDep ROOT @jridgewell/remapping@2.3.5 OK for: @babel/core@7.29.7 want: ^2.3.5
510 silly placeDep ROOT convert-source-map@2.0.0 OK for: @babel/core@7.29.7 want: ^2.0.0
511 silly placeDep ROOT debug@4.4.3 OK for: @babel/core@7.29.7 want: ^4.1.0
512 silly placeDep ROOT gensync@1.0.0-beta.2 OK for: @babel/core@7.29.7 want: ^1.0.0-beta.2
513 silly placeDep ROOT json5@2.2.3 OK for: @babel/core@7.29.7 want: ^2.2.3
514 silly placeDep ROOT semver@6.3.1 OK for: @babel/core@7.29.7 want: ^6.3.1
515 silly fetch manifest js-tokens@^4.0.0
516 silly packumentCache full:https://registry.npmjs.org/js-tokens cache-miss
517 silly fetch manifest picocolors@^1.1.1
518 silly packumentCache full:https://registry.npmjs.org/picocolors cache-miss
519 silly fetch manifest @babel/helper-validator-identifier@^7.29.7
520 silly packumentCache full:https://registry.npmjs.org/@babel%2fhelper-validator-identifier cache-miss
521 silly fetch manifest jsesc@^3.0.2
522 silly packumentCache full:https://registry.npmjs.org/jsesc cache-miss
523 silly fetch manifest @babel/types@^7.29.8
524 silly packumentCache full:https://registry.npmjs.org/@babel%2ftypes cache-miss
525 silly fetch manifest @babel/parser@^7.29.8
526 silly packumentCache full:https://registry.npmjs.org/@babel%2fparser cache-miss
527 silly fetch manifest @jridgewell/gen-mapping@^0.3.12
528 silly packumentCache full:https://registry.npmjs.org/@jridgewell%2fgen-mapping cache-miss
529 silly fetch manifest @jridgewell/trace-mapping@^0.3.28
530 silly packumentCache full:https://registry.npmjs.org/@jridgewell%2ftrace-mapping cache-miss
531 silly fetch manifest lru-cache@^5.1.1
532 silly packumentCache full:https://registry.npmjs.org/lru-cache cache-miss
533 silly fetch manifest browserslist@^4.24.0
534 silly packumentCache full:https://registry.npmjs.org/browserslist cache-miss
535 silly fetch manifest @babel/compat-data@^7.29.7
536 silly packumentCache full:https://registry.npmjs.org/@babel%2fcompat-data cache-miss
537 silly fetch manifest @babel/helper-validator-option@^7.29.7
538 silly packumentCache full:https://registry.npmjs.org/@babel%2fhelper-validator-option cache-miss
539 silly fetch manifest @babel/helper-module-imports@^7.29.7
540 silly packumentCache full:https://registry.npmjs.org/@babel%2fhelper-module-imports cache-miss
541 silly fetch manifest @babel/helper-validator-identifier@^7.29.7
542 silly packumentCache full:https://registry.npmjs.org/@babel%2fhelper-validator-identifier cache-miss
543 silly fetch manifest @babel/types@^7.29.8
544 silly packumentCache full:https://registry.npmjs.org/@babel%2ftypes cache-miss
545 http cache https://registry.npmjs.org/@babel%2fparser 41ms (cache hit)
546 silly packumentCache full:https://registry.npmjs.org/@babel%2fparser set size:737961 disposed:false
547 silly fetch manifest debug@^4.3.1
548 silly packumentCache full:https://registry.npmjs.org/debug cache-hit
549 silly fetch manifest @babel/types@^7.29.8
550 silly packumentCache full:https://registry.npmjs.org/@babel%2ftypes cache-miss
551 http cache https://registry.npmjs.org/@babel%2ftypes 49ms (cache hit)
552 silly packumentCache full:https://registry.npmjs.org/@babel%2ftypes set size:502938 disposed:false
553 silly fetch manifest @babel/helper-globals@^7.29.7
554 silly packumentCache full:https://registry.npmjs.org/@babel%2fhelper-globals cache-miss
555 http cache https://registry.npmjs.org/@babel%2ftypes 88ms (cache hit)
556 silly packumentCache full:https://registry.npmjs.org/@babel%2ftypes set size:502938 disposed:false
557 silly packumentCache full:https://registry.npmjs.org/@babel%2ftypes dispose
558 silly fetch manifest @babel/helper-string-parser@^7.29.7
559 silly packumentCache full:https://registry.npmjs.org/@babel%2fhelper-string-parser cache-miss
560 http fetch GET 200 https://registry.npmjs.org/picocolors 115ms (cache miss)
561 silly packumentCache full:https://registry.npmjs.org/picocolors set size:undefined disposed:false
562 silly fetch manifest @babel/helper-validator-identifier@^7.29.7
563 silly packumentCache full:https://registry.npmjs.org/@babel%2fhelper-validator-identifier cache-miss
564 http fetch GET 200 https://registry.npmjs.org/js-tokens 126ms (cache miss)
565 silly packumentCache full:https://registry.npmjs.org/js-tokens set size:undefined disposed:false
566 silly fetch manifest @jridgewell/gen-mapping@^0.3.5
567 silly packumentCache full:https://registry.npmjs.org/@jridgewell%2fgen-mapping cache-miss
568 http fetch GET 200 https://registry.npmjs.org/jsesc 129ms (cache miss)
569 silly packumentCache full:https://registry.npmjs.org/jsesc set size:undefined disposed:false
570 silly fetch manifest @jridgewell/trace-mapping@^0.3.24
571 silly packumentCache full:https://registry.npmjs.org/@jridgewell%2ftrace-mapping cache-miss
572 http cache https://registry.npmjs.org/@babel%2ftypes 83ms (cache hit)
573 silly packumentCache full:https://registry.npmjs.org/@babel%2ftypes set size:502938 disposed:true
574 silly packumentCache full:https://registry.npmjs.org/@babel%2ftypes dispose
575 silly fetch manifest ms@^2.1.3
576 silly packumentCache full:https://registry.npmjs.org/ms cache-hit
577 http fetch GET 200 https://registry.npmjs.org/@jridgewell%2fgen-mapping 156ms (cache miss)
578 silly packumentCache full:https://registry.npmjs.org/@jridgewell%2fgen-mapping set size:undefined disposed:false
579 http fetch GET 200 https://registry.npmjs.org/@babel%2fhelper-validator-option 160ms (cache miss)
580 silly packumentCache full:https://registry.npmjs.org/@babel%2fhelper-validator-option set size:undefined disposed:false
581 http fetch GET 200 https://registry.npmjs.org/@babel%2fhelper-globals 112ms (cache miss)
582 silly packumentCache full:https://registry.npmjs.org/@babel%2fhelper-globals set size:undefined disposed:false
583 http fetch GET 200 https://registry.npmjs.org/@babel%2fhelper-validator-identifier 173ms (cache miss)
584 silly packumentCache full:https://registry.npmjs.org/@babel%2fhelper-validator-identifier set size:undefined disposed:false
585 http fetch GET 200 https://registry.npmjs.org/@jridgewell%2ftrace-mapping 180ms (cache miss)
586 silly packumentCache full:https://registry.npmjs.org/@jridgewell%2ftrace-mapping set size:undefined disposed:false
587 http fetch GET 200 https://registry.npmjs.org/@babel%2fhelper-validator-identifier 189ms (cache miss)
588 silly packumentCache full:https://registry.npmjs.org/@babel%2fhelper-validator-identifier set size:undefined disposed:false
589 http fetch GET 200 https://registry.npmjs.org/@babel%2fhelper-module-imports 194ms (cache miss)
590 silly packumentCache full:https://registry.npmjs.org/@babel%2fhelper-module-imports set size:undefined disposed:false
591 http fetch GET 200 https://registry.npmjs.org/@babel%2fhelper-string-parser 112ms (cache miss)
592 silly packumentCache full:https://registry.npmjs.org/@babel%2fhelper-string-parser set size:undefined disposed:false
593 http fetch GET 200 https://registry.npmjs.org/@babel%2fhelper-validator-identifier 93ms (cache miss)
594 silly packumentCache full:https://registry.npmjs.org/@babel%2fhelper-validator-identifier set size:undefined disposed:false
595 http fetch GET 200 https://registry.npmjs.org/lru-cache 209ms (cache miss)
596 silly packumentCache full:https://registry.npmjs.org/lru-cache set size:undefined disposed:false
597 http fetch GET 200 https://registry.npmjs.org/@jridgewell%2fgen-mapping 95ms (cache miss)
598 silly packumentCache full:https://registry.npmjs.org/@jridgewell%2fgen-mapping set size:undefined disposed:false
599 http fetch GET 200 https://registry.npmjs.org/@babel%2fcompat-data 221ms (cache miss)
600 silly packumentCache full:https://registry.npmjs.org/@babel%2fcompat-data set size:undefined disposed:false
601 http fetch GET 200 https://registry.npmjs.org/@jridgewell%2ftrace-mapping 102ms (cache miss)
602 silly packumentCache full:https://registry.npmjs.org/@jridgewell%2ftrace-mapping set size:undefined disposed:false
603 http fetch GET 200 https://registry.npmjs.org/browserslist 236ms (cache miss)
604 silly packumentCache full:https://registry.npmjs.org/browserslist set size:undefined disposed:false
605 silly placeDep ROOT @babel/helper-validator-identifier@7.29.7 OK for: @babel/code-frame@7.29.7 want: ^7.29.7
606 silly placeDep ROOT js-tokens@4.0.0 OK for: @babel/code-frame@7.29.7 want: ^4.0.0
607 silly placeDep ROOT picocolors@1.1.1 OK for: @babel/code-frame@7.29.7 want: ^1.1.1
608 silly placeDep ROOT @jridgewell/gen-mapping@0.3.13 OK for: @babel/generator@7.29.8 want: ^0.3.12
609 silly placeDep ROOT @jridgewell/trace-mapping@0.3.31 OK for: @babel/generator@7.29.8 want: ^0.3.28
610 silly placeDep ROOT jsesc@3.1.0 OK for: @babel/generator@7.29.8 want: ^3.0.2
611 silly fetch manifest @jridgewell/sourcemap-codec@^1.5.0
612 silly packumentCache full:https://registry.npmjs.org/@jridgewell%2fsourcemap-codec cache-miss
613 silly fetch manifest @jridgewell/resolve-uri@^3.1.0
614 silly packumentCache full:https://registry.npmjs.org/@jridgewell%2fresolve-uri cache-miss
615 silly fetch manifest @jridgewell/sourcemap-codec@^1.4.14
616 silly packumentCache full:https://registry.npmjs.org/@jridgewell%2fsourcemap-codec cache-miss
617 http fetch GET 200 https://registry.npmjs.org/@jridgewell%2fsourcemap-codec 53ms (cache miss)
618 silly packumentCache full:https://registry.npmjs.org/@jridgewell%2fsourcemap-codec set size:undefined disposed:false
619 http fetch GET 200 https://registry.npmjs.org/@jridgewell%2fsourcemap-codec 62ms (cache miss)
620 silly packumentCache full:https://registry.npmjs.org/@jridgewell%2fsourcemap-codec set size:undefined disposed:false
621 http fetch GET 200 https://registry.npmjs.org/@jridgewell%2fresolve-uri 73ms (cache miss)
622 silly packumentCache full:https://registry.npmjs.org/@jridgewell%2fresolve-uri set size:undefined disposed:false
623 silly placeDep ROOT @babel/compat-data@7.29.7 OK for: @babel/helper-compilation-targets@7.29.7 want: ^7.29.7
624 silly placeDep ROOT @babel/helper-validator-option@7.29.7 OK for: @babel/helper-compilation-targets@7.29.7 want: ^7.29.7
625 silly placeDep ROOT browserslist@4.28.8 OK for: @babel/helper-compilation-targets@7.29.7 want: ^4.24.0
626 silly placeDep ROOT lru-cache@5.1.1 OK for: @babel/helper-compilation-targets@7.29.7 want: ^5.1.1
627 silly fetch manifest caniuse-lite@^1.0.30001809
628 silly packumentCache full:https://registry.npmjs.org/caniuse-lite cache-miss
629 silly fetch manifest node-releases@^2.0.53
630 silly packumentCache full:https://registry.npmjs.org/node-releases cache-miss
631 silly fetch manifest electron-to-chromium@^1.5.402
632 silly packumentCache full:https://registry.npmjs.org/electron-to-chromium cache-miss
633 silly fetch manifest update-browserslist-db@^1.3.0
634 silly packumentCache full:https://registry.npmjs.org/update-browserslist-db cache-miss
635 silly fetch manifest baseline-browser-mapping@^2.11.12
636 silly packumentCache full:https://registry.npmjs.org/baseline-browser-mapping cache-miss
637 silly fetch manifest yallist@^3.0.2
638 silly packumentCache full:https://registry.npmjs.org/yallist cache-miss
639 http fetch GET 200 https://registry.npmjs.org/update-browserslist-db 42ms (cache miss)
640 silly packumentCache full:https://registry.npmjs.org/update-browserslist-db set size:undefined disposed:false
641 http fetch GET 200 https://registry.npmjs.org/yallist 78ms (cache miss)
642 silly packumentCache full:https://registry.npmjs.org/yallist set size:undefined disposed:false
643 http fetch GET 200 https://registry.npmjs.org/baseline-browser-mapping 99ms (cache miss)
644 silly packumentCache full:https://registry.npmjs.org/baseline-browser-mapping set size:undefined disposed:false
645 http fetch GET 200 https://registry.npmjs.org/node-releases 220ms (cache miss)
646 silly packumentCache full:https://registry.npmjs.org/node-releases set size:undefined disposed:false
647 http fetch GET 200 https://registry.npmjs.org/caniuse-lite 334ms (cache miss)
648 silly packumentCache full:https://registry.npmjs.org/caniuse-lite set size:undefined disposed:false
649 http fetch GET 200 https://registry.npmjs.org/electron-to-chromium 385ms (cache miss)
650 silly packumentCache full:https://registry.npmjs.org/electron-to-chromium set size:undefined disposed:false
651 silly placeDep ROOT @babel/helper-module-imports@7.29.7 OK for: @babel/helper-module-transforms@7.29.7 want: ^7.29.7
652 silly placeDep ROOT @babel/helper-plugin-utils@7.29.7 OK for: @babel/plugin-transform-react-jsx-self@7.29.7 want: ^7.29.7
653 silly placeDep ROOT @babel/helper-globals@7.29.7 OK for: @babel/traverse@7.29.8 want: ^7.29.7
654 silly placeDep ROOT @babel/helper-string-parser@7.29.7 OK for: @babel/types@7.29.8 want: ^7.29.7
655 silly placeDep ROOT @jridgewell/sourcemap-codec@1.5.5 OK for: @jridgewell/gen-mapping@0.3.13 want: ^1.5.0
656 silly placeDep ROOT @jridgewell/resolve-uri@3.1.2 OK for: @jridgewell/trace-mapping@0.3.31 want: ^3.1.0
657 silly placeDep ROOT @types/babel__generator@7.27.0 OK for: @types/babel__core@7.20.5 want: *
658 silly placeDep ROOT @types/babel__template@7.4.4 OK for: @types/babel__core@7.20.5 want: *
659 silly placeDep ROOT @types/babel__traverse@7.28.0 OK for: @types/babel__core@7.20.5 want: *
660 silly fetch manifest browserslist@>= 4.21.0
661 silly packumentCache full:https://registry.npmjs.org/browserslist cache-miss
662 http cache https://registry.npmjs.org/browserslist 23ms (cache hit)
663 silly packumentCache full:https://registry.npmjs.org/browserslist set size:518659 disposed:false
664 silly placeDep ROOT baseline-browser-mapping@2.11.19 OK for: browserslist@4.28.8 want: ^2.11.12
665 silly placeDep ROOT caniuse-lite@1.0.30001810 OK for: browserslist@4.28.8 want: ^1.0.30001809
666 silly placeDep ROOT electron-to-chromium@1.5.414 OK for: browserslist@4.28.8 want: ^1.5.402
667 silly placeDep ROOT node-releases@2.0.53 OK for: browserslist@4.28.8 want: ^2.0.53
668 silly placeDep ROOT update-browserslist-db@1.3.1 OK for: browserslist@4.28.8 want: ^1.3.0
669 silly fetch manifest escalade@^3.2.0
670 silly packumentCache full:https://registry.npmjs.org/escalade cache-miss
671 http fetch GET 200 https://registry.npmjs.org/escalade 32ms (cache miss)
672 silly packumentCache full:https://registry.npmjs.org/escalade set size:undefined disposed:false
673 silly placeDep ROOT chalk@4.1.2 OK for: concurrently@9.2.4 want: 4.1.2
674 silly placeDep ROOT rxjs@7.8.2 OK for: concurrently@9.2.4 want: 7.8.2
675 silly placeDep ROOT shell-quote@1.9.0 OK for: concurrently@9.2.4 want: 1.9.0
676 silly placeDep ROOT supports-color@8.1.1 OK for: concurrently@9.2.4 want: 8.1.1
677 silly placeDep ROOT tree-kill@1.2.2 OK for: concurrently@9.2.4 want: 1.2.2
678 silly placeDep ROOT yargs@17.7.2 OK for: concurrently@9.2.4 want: 17.7.2
679 silly fetch manifest ansi-styles@^4.1.0
680 silly packumentCache full:https://registry.npmjs.org/ansi-styles cache-miss
681 silly fetch manifest supports-color@^7.1.0
682 silly packumentCache full:https://registry.npmjs.org/supports-color cache-miss
683 silly fetch manifest tslib@^2.1.0
684 silly packumentCache full:https://registry.npmjs.org/tslib cache-miss
685 silly fetch manifest has-flag@^4.0.0
686 silly packumentCache full:https://registry.npmjs.org/has-flag cache-miss
687 silly fetch manifest y18n@^5.0.5
688 silly packumentCache full:https://registry.npmjs.org/y18n cache-miss
689 silly fetch manifest cliui@^8.0.1
690 silly packumentCache full:https://registry.npmjs.org/cliui cache-miss
691 silly fetch manifest escalade@^3.1.1
692 silly packumentCache full:https://registry.npmjs.org/escalade cache-miss
693 silly fetch manifest string-width@^4.2.3
694 silly packumentCache full:https://registry.npmjs.org/string-width cache-miss
695 silly fetch manifest yargs-parser@^21.1.1
696 silly packumentCache full:https://registry.npmjs.org/yargs-parser cache-miss
697 silly fetch manifest get-caller-file@^2.0.5
698 silly packumentCache full:https://registry.npmjs.org/get-caller-file cache-miss
699 silly fetch manifest require-directory@^2.1.1
700 silly packumentCache full:https://registry.npmjs.org/require-directory cache-miss
701 http cache https://registry.npmjs.org/escalade 17ms (cache hit)
702 silly packumentCache full:https://registry.npmjs.org/escalade set size:33724 disposed:false
703 http cache https://registry.npmjs.org/supports-color 20ms (cache hit)
704 silly packumentCache full:https://registry.npmjs.org/supports-color set size:124169 disposed:false
705 http fetch GET 200 https://registry.npmjs.org/has-flag 56ms (cache miss)
706 silly packumentCache full:https://registry.npmjs.org/has-flag set size:undefined disposed:false
707 http fetch GET 200 https://registry.npmjs.org/string-width 61ms (cache miss)
708 silly packumentCache full:https://registry.npmjs.org/string-width set size:undefined disposed:false
709 http fetch GET 200 https://registry.npmjs.org/require-directory 64ms (cache miss)
710 silly packumentCache full:https://registry.npmjs.org/require-directory set size:undefined disposed:false
711 http fetch GET 200 https://registry.npmjs.org/get-caller-file 66ms (cache miss)
712 silly packumentCache full:https://registry.npmjs.org/get-caller-file set size:undefined disposed:false
713 http fetch GET 200 https://registry.npmjs.org/ansi-styles 70ms (cache miss)
714 silly packumentCache full:https://registry.npmjs.org/ansi-styles set size:undefined disposed:false
715 http fetch GET 200 https://registry.npmjs.org/tslib 72ms (cache miss)
716 silly packumentCache full:https://registry.npmjs.org/tslib set size:undefined disposed:false
717 http fetch GET 200 https://registry.npmjs.org/y18n 72ms (cache miss)
718 silly packumentCache full:https://registry.npmjs.org/y18n set size:undefined disposed:false
719 http fetch GET 200 https://registry.npmjs.org/cliui 76ms (cache miss)
720 silly packumentCache full:https://registry.npmjs.org/cliui set size:undefined disposed:false
721 http fetch GET 200 https://registry.npmjs.org/yargs-parser 76ms (cache miss)
722 silly packumentCache full:https://registry.npmjs.org/yargs-parser set size:undefined disposed:false
723 silly placeDep ROOT ansi-styles@4.3.0 OK for: chalk@4.1.2 want: ^4.1.0
724 silly placeDep node_modules/chalk supports-color@7.2.0 OK for: chalk@4.1.2 want: ^7.1.0
725 silly fetch manifest color-convert@^2.0.1
726 silly packumentCache full:https://registry.npmjs.org/color-convert cache-miss
727 http fetch GET 200 https://registry.npmjs.org/color-convert 48ms (cache miss)
728 silly packumentCache full:https://registry.npmjs.org/color-convert set size:undefined disposed:false
729 silly placeDep ROOT color-convert@2.0.1 OK for: ansi-styles@4.3.0 want: ^2.0.1
730 silly fetch manifest color-name@~1.1.4
731 silly packumentCache full:https://registry.npmjs.org/color-name cache-miss
732 http fetch GET 200 https://registry.npmjs.org/color-name 30ms (cache miss)
733 silly packumentCache full:https://registry.npmjs.org/color-name set size:undefined disposed:false
734 silly placeDep ROOT color-name@1.1.4 OK for: color-convert@2.0.1 want: ~1.1.4
735 silly placeDep ROOT object-assign@4.1.1 OK for: cors@2.8.6 want: ^4
736 silly placeDep ROOT vary@1.1.2 OK for: cors@2.8.6 want: ^1
737 silly placeDep ROOT ms@2.1.3 OK for: debug@4.4.3 want: ^2.1.3
738 silly placeDep ROOT accepts@1.3.8 OK for: express@4.22.2 want: ~1.3.8
739 silly placeDep ROOT array-flatten@1.1.1 OK for: express@4.22.2 want: 1.1.1
740 silly placeDep ROOT body-parser@1.20.6 OK for: express@4.22.2 want: ~1.20.5
741 silly placeDep ROOT content-disposition@0.5.4 OK for: express@4.22.2 want: ~0.5.4
742 silly placeDep ROOT content-type@1.0.5 OK for: express@4.22.2 want: ~1.0.4
743 silly placeDep ROOT cookie@0.7.2 OK for: express@4.22.2 want: ~0.7.1
744 silly placeDep ROOT cookie-signature@1.0.7 OK for: express@4.22.2 want: ~1.0.6
745 silly placeDep node_modules/express debug@2.6.9 OK for: express@4.22.2 want: 2.6.9
746 silly placeDep ROOT depd@2.0.0 OK for: express@4.22.2 want: 2.0.0
747 silly placeDep ROOT encodeurl@2.0.0 OK for: express@4.22.2 want: ~2.0.0
748 silly placeDep ROOT escape-html@1.0.3 OK for: express@4.22.2 want: ~1.0.3
749 silly placeDep ROOT etag@1.8.1 OK for: express@4.22.2 want: ~1.8.1
750 silly placeDep ROOT finalhandler@1.3.2 OK for: express@4.22.2 want: ~1.3.1
751 silly placeDep ROOT fresh@0.5.2 OK for: express@4.22.2 want: ~0.5.2
752 silly placeDep ROOT http-errors@2.0.1 OK for: express@4.22.2 want: ~2.0.0
753 silly placeDep ROOT merge-descriptors@1.0.3 OK for: express@4.22.2 want: 1.0.3
754 silly placeDep ROOT methods@1.1.2 OK for: express@4.22.2 want: ~1.1.2
755 silly placeDep ROOT on-finished@2.4.1 OK for: express@4.22.2 want: ~2.4.1
756 silly placeDep ROOT parseurl@1.3.3 OK for: express@4.22.2 want: ~1.3.3
757 silly placeDep ROOT path-to-regexp@0.1.13 OK for: express@4.22.2 want: ~0.1.12
758 silly placeDep ROOT proxy-addr@2.0.7 OK for: express@4.22.2 want: ~2.0.7
759 silly placeDep ROOT qs@6.15.3 OK for: express@4.22.2 want: ~6.15.1
760 silly placeDep ROOT range-parser@1.2.1 OK for: express@4.22.2 want: ~1.2.1
761 silly placeDep ROOT safe-buffer@5.2.1 OK for: express@4.22.2 want: 5.2.1
762 silly placeDep ROOT send@0.19.2 OK for: express@4.22.2 want: ~0.19.0
763 silly placeDep ROOT serve-static@1.16.3 OK for: express@4.22.2 want: ~1.16.2
764 silly placeDep ROOT setprototypeof@1.2.0 OK for: express@4.22.2 want: 1.2.0
765 silly placeDep ROOT statuses@2.0.2 OK for: express@4.22.2 want: ~2.0.1
766 silly placeDep ROOT type-is@1.6.18 OK for: express@4.22.2 want: ~1.6.18
767 silly placeDep ROOT utils-merge@1.0.1 OK for: express@4.22.2 want: 1.0.1
768 silly fetch manifest mime-types@~2.1.34
769 silly packumentCache full:https://registry.npmjs.org/mime-types cache-miss
770 silly fetch manifest negotiator@0.6.3
771 silly packumentCache full:https://registry.npmjs.org/negotiator cache-miss
772 silly fetch manifest bytes@~3.1.2
773 silly packumentCache full:https://registry.npmjs.org/bytes cache-miss
774 silly fetch manifest unpipe@~1.0.0
775 silly packumentCache full:https://registry.npmjs.org/unpipe cache-miss
776 silly fetch manifest destroy@~1.2.0
777 silly packumentCache full:https://registry.npmjs.org/destroy cache-miss
778 silly fetch manifest raw-body@~2.5.3
779 silly packumentCache full:https://registry.npmjs.org/raw-body cache-miss
780 silly fetch manifest iconv-lite@~0.4.24
781 silly packumentCache full:https://registry.npmjs.org/iconv-lite cache-miss
782 silly fetch manifest http-errors@~2.0.1
783 silly packumentCache full:https://registry.npmjs.org/http-errors cache-miss
784 silly fetch manifest content-type@~1.0.5
785 silly packumentCache full:https://registry.npmjs.org/content-type cache-miss
786 silly fetch manifest ms@2.0.0
787 silly packumentCache full:https://registry.npmjs.org/ms cache-hit
788 silly fetch manifest unpipe@~1.0.0
789 silly packumentCache full:https://registry.npmjs.org/unpipe cache-miss
790 silly fetch manifest statuses@~2.0.2
791 silly packumentCache full:https://registry.npmjs.org/statuses cache-miss
792 silly fetch manifest inherits@~2.0.4
793 silly packumentCache full:https://registry.npmjs.org/inherits cache-miss
794 silly fetch manifest setprototypeof@~1.2.0
795 silly packumentCache full:https://registry.npmjs.org/setprototypeof cache-miss
796 silly fetch manifest statuses@~2.0.2
797 silly packumentCache full:https://registry.npmjs.org/statuses cache-miss
798 silly fetch manifest toidentifier@~1.0.1
799 silly packumentCache full:https://registry.npmjs.org/toidentifier cache-miss
800 http cache https://registry.npmjs.org/statuses 18ms (cache hit)
801 silly packumentCache full:https://registry.npmjs.org/statuses set size:37117 disposed:false
802 silly fetch manifest ee-first@1.1.1
803 silly packumentCache full:https://registry.npmjs.org/ee-first cache-miss
804 http cache https://registry.npmjs.org/http-errors 27ms (cache hit)
805 silly packumentCache full:https://registry.npmjs.org/http-errors set size:71987 disposed:false
806 silly fetch manifest forwarded@0.2.0
807 silly packumentCache full:https://registry.npmjs.org/forwarded cache-miss
808 http cache https://registry.npmjs.org/content-type 33ms (cache hit)
809 silly packumentCache full:https://registry.npmjs.org/content-type set size:23936 disposed:false
810 silly fetch manifest ipaddr.js@1.9.1
811 silly packumentCache full:https://registry.npmjs.org/ipaddr.js cache-miss
812 http cache https://registry.npmjs.org/statuses 29ms (cache hit)
813 silly packumentCache full:https://registry.npmjs.org/statuses set size:37117 disposed:false
814 silly packumentCache full:https://registry.npmjs.org/statuses dispose
815 silly fetch manifest side-channel@^1.1.1
816 silly packumentCache full:https://registry.npmjs.org/side-channel cache-miss
817 http cache https://registry.npmjs.org/setprototypeof 31ms (cache hit)
818 silly packumentCache full:https://registry.npmjs.org/setprototypeof set size:14532 disposed:false
819 silly fetch manifest es-define-property@^1.0.1
820 silly packumentCache full:https://registry.npmjs.org/es-define-property cache-miss
821 http fetch GET 200 https://registry.npmjs.org/ee-first 48ms (cache miss)
822 silly packumentCache full:https://registry.npmjs.org/ee-first set size:undefined disposed:false
823 silly fetch manifest mime@1.6.0
824 silly packumentCache full:https://registry.npmjs.org/mime cache-miss
825 http fetch GET 200 https://registry.npmjs.org/toidentifier 66ms (cache miss)
826 silly packumentCache full:https://registry.npmjs.org/toidentifier set size:undefined disposed:false
827 silly fetch manifest destroy@1.2.0
828 silly packumentCache full:https://registry.npmjs.org/destroy cache-miss
829 http fetch GET 200 https://registry.npmjs.org/bytes 80ms (cache miss)
830 silly packumentCache full:https://registry.npmjs.org/bytes set size:undefined disposed:false
831 silly fetch manifest mime-types@~2.1.24
832 silly packumentCache full:https://registry.npmjs.org/mime-types cache-miss
833 http fetch GET 200 https://registry.npmjs.org/unpipe 74ms (cache miss)
834 silly packumentCache full:https://registry.npmjs.org/unpipe set size:undefined disposed:false
835 silly fetch manifest media-typer@0.3.0
836 silly packumentCache full:https://registry.npmjs.org/media-typer cache-miss
837 http fetch GET 200 https://registry.npmjs.org/unpipe 87ms (cache miss)
838 silly packumentCache full:https://registry.npmjs.org/unpipe set size:undefined disposed:false
839 http fetch GET 200 https://registry.npmjs.org/inherits 79ms (cache miss)
840 silly packumentCache full:https://registry.npmjs.org/inherits set size:undefined disposed:false
841 http fetch GET 200 https://registry.npmjs.org/destroy 92ms (cache miss)
842 silly packumentCache full:https://registry.npmjs.org/destroy set size:undefined disposed:false
843 http fetch GET 200 https://registry.npmjs.org/negotiator 95ms (cache miss)
844 silly packumentCache full:https://registry.npmjs.org/negotiator set size:undefined disposed:false
845 http fetch GET 200 https://registry.npmjs.org/iconv-lite 93ms (cache miss)
846 silly packumentCache full:https://registry.npmjs.org/iconv-lite set size:undefined disposed:false
847 http fetch GET 200 https://registry.npmjs.org/raw-body 100ms (cache miss)
848 silly packumentCache full:https://registry.npmjs.org/raw-body set size:undefined disposed:false
849 http fetch GET 200 https://registry.npmjs.org/mime-types 114ms (cache miss)
850 silly packumentCache full:https://registry.npmjs.org/mime-types set size:undefined disposed:false
851 http fetch GET 200 https://registry.npmjs.org/forwarded 86ms (cache miss)
852 silly packumentCache full:https://registry.npmjs.org/forwarded set size:undefined disposed:false
853 http cache https://registry.npmjs.org/destroy 45ms (cache hit)
854 silly packumentCache full:https://registry.npmjs.org/destroy set size:15738 disposed:false
855 http fetch GET 200 https://registry.npmjs.org/side-channel 84ms (cache miss)
856 silly packumentCache full:https://registry.npmjs.org/side-channel set size:undefined disposed:false
857 http fetch GET 200 https://registry.npmjs.org/es-define-property 83ms (cache miss)
858 silly packumentCache full:https://registry.npmjs.org/es-define-property set size:undefined disposed:false
859 http fetch GET 200 https://registry.npmjs.org/ipaddr.js 93ms (cache miss)
860 silly packumentCache full:https://registry.npmjs.org/ipaddr.js set size:undefined disposed:false
861 http fetch GET 200 https://registry.npmjs.org/mime-types 58ms (cache miss)
862 silly packumentCache full:https://registry.npmjs.org/mime-types set size:undefined disposed:false
863 http fetch GET 200 https://registry.npmjs.org/mime 67ms (cache miss)
864 silly packumentCache full:https://registry.npmjs.org/mime set size:undefined disposed:false
865 http fetch GET 200 https://registry.npmjs.org/media-typer 66ms (cache miss)
866 silly packumentCache full:https://registry.npmjs.org/media-typer set size:undefined disposed:false
867 silly placeDep ROOT mime-types@2.1.35 OK for: accepts@1.3.8 want: ~2.1.34
868 silly placeDep ROOT negotiator@0.6.3 OK for: accepts@1.3.8 want: 0.6.3
869 silly fetch manifest mime-db@1.52.0
870 silly packumentCache full:https://registry.npmjs.org/mime-db cache-miss
871 http fetch GET 200 https://registry.npmjs.org/mime-db 34ms (cache miss)
872 silly packumentCache full:https://registry.npmjs.org/mime-db set size:undefined disposed:false
873 silly placeDep ROOT bytes@3.1.2 OK for: body-parser@1.20.6 want: ~3.1.2
874 silly placeDep node_modules/body-parser debug@2.6.9 OK for: body-parser@1.20.6 want: 2.6.9
875 silly placeDep ROOT destroy@1.2.0 OK for: body-parser@1.20.6 want: ~1.2.0
876 silly placeDep ROOT iconv-lite@0.4.24 OK for: body-parser@1.20.6 want: ~0.4.24
877 silly placeDep ROOT raw-body@2.5.3 OK for: body-parser@1.20.6 want: ~2.5.3
878 silly placeDep ROOT unpipe@1.0.0 OK for: body-parser@1.20.6 want: ~1.0.0
879 silly fetch manifest safer-buffer@>= 2.1.2 < 3
880 silly packumentCache full:https://registry.npmjs.org/safer-buffer cache-miss
881 http fetch GET 200 https://registry.npmjs.org/safer-buffer 31ms (cache miss)
882 silly packumentCache full:https://registry.npmjs.org/safer-buffer set size:undefined disposed:false
883 silly placeDep node_modules/finalhandler debug@2.6.9 OK for: finalhandler@1.3.2 want: 2.6.9
884 silly placeDep ROOT inherits@2.0.4 OK for: http-errors@2.0.1 want: ~2.0.4
885 silly placeDep ROOT toidentifier@1.0.1 OK for: http-errors@2.0.1 want: ~1.0.1
886 silly placeDep ROOT safer-buffer@2.1.2 OK for: iconv-lite@0.4.24 want: >= 2.1.2 < 3
887 silly placeDep ROOT jws@4.0.1 OK for: jsonwebtoken@9.0.3 want: ^4.0.1
888 silly placeDep ROOT lodash.includes@4.3.0 OK for: jsonwebtoken@9.0.3 want: ^4.3.0
889 silly placeDep ROOT lodash.isboolean@3.0.3 OK for: jsonwebtoken@9.0.3 want: ^3.0.3
890 silly placeDep ROOT lodash.isinteger@4.0.4 OK for: jsonwebtoken@9.0.3 want: ^4.0.4
891 silly placeDep ROOT lodash.isnumber@3.0.3 OK for: jsonwebtoken@9.0.3 want: ^3.0.3
892 silly placeDep ROOT lodash.isplainobject@4.0.6 OK for: jsonwebtoken@9.0.3 want: ^4.0.6
893 silly placeDep ROOT lodash.isstring@4.0.1 OK for: jsonwebtoken@9.0.3 want: ^4.0.1
894 silly placeDep ROOT lodash.once@4.1.1 OK for: jsonwebtoken@9.0.3 want: ^4.0.0
895 silly placeDep node_modules/jsonwebtoken semver@7.8.5 OK for: jsonwebtoken@9.0.3 want: ^7.5.4
896 silly fetch manifest jwa@^2.0.1
897 silly packumentCache full:https://registry.npmjs.org/jwa cache-miss
898 http fetch GET 200 https://registry.npmjs.org/jwa 30ms (cache miss)
899 silly packumentCache full:https://registry.npmjs.org/jwa set size:undefined disposed:false
900 silly placeDep ROOT jwa@2.0.1 OK for: jws@4.0.1 want: ^2.0.1
901 silly fetch manifest ecdsa-sig-formatter@1.0.11
902 silly packumentCache full:https://registry.npmjs.org/ecdsa-sig-formatter cache-miss
903 silly fetch manifest buffer-equal-constant-time@^1.0.1
904 silly packumentCache full:https://registry.npmjs.org/buffer-equal-constant-time cache-miss
905 http fetch GET 200 https://registry.npmjs.org/buffer-equal-constant-time 23ms (cache miss)
906 silly packumentCache full:https://registry.npmjs.org/buffer-equal-constant-time set size:undefined disposed:false
907 http fetch GET 200 https://registry.npmjs.org/ecdsa-sig-formatter 34ms (cache miss)
908 silly packumentCache full:https://registry.npmjs.org/ecdsa-sig-formatter set size:undefined disposed:false
909 silly placeDep ROOT buffer-equal-constant-time@1.0.1 OK for: jwa@2.0.1 want: ^1.0.1
910 silly placeDep ROOT ecdsa-sig-formatter@1.0.11 OK for: jwa@2.0.1 want: 1.0.11
911 silly placeDep ROOT yallist@3.1.1 OK for: lru-cache@5.1.1 want: ^3.0.2
912 silly placeDep ROOT mime-db@1.52.0 OK for: mime-types@2.1.35 want: 1.52.0
913 silly fetch manifest @aws-sdk/credential-providers@^3.188.0
914 silly packumentCache full:https://registry.npmjs.org/@aws-sdk%2fcredential-providers cache-miss
915 http fetch GET 200 https://registry.npmjs.org/@aws-sdk%2fcredential-providers 269ms (cache miss)
916 silly packumentCache full:https://registry.npmjs.org/@aws-sdk%2fcredential-providers set size:undefined disposed:false
917 silly fetch manifest @mongodb-js/zstd@^1.1.0 || ^2.0.0
918 silly packumentCache full:https://registry.npmjs.org/@mongodb-js%2fzstd cache-miss
919 http fetch GET 200 https://registry.npmjs.org/@mongodb-js%2fzstd 250ms (cache miss)
920 silly packumentCache full:https://registry.npmjs.org/@mongodb-js%2fzstd set size:undefined disposed:false
921 silly fetch manifest gcp-metadata@^5.2.0
922 silly packumentCache full:https://registry.npmjs.org/gcp-metadata cache-miss
923 http fetch GET 200 https://registry.npmjs.org/gcp-metadata 55ms (cache miss)
924 silly packumentCache full:https://registry.npmjs.org/gcp-metadata set size:undefined disposed:false
925 silly fetch manifest kerberos@^2.0.1
926 silly packumentCache full:https://registry.npmjs.org/kerberos cache-miss
927 http fetch GET 200 https://registry.npmjs.org/kerberos 177ms (cache miss)
928 silly packumentCache full:https://registry.npmjs.org/kerberos set size:undefined disposed:false
929 silly fetch manifest mongodb-client-encryption@>=6.0.0 <7
930 silly packumentCache full:https://registry.npmjs.org/mongodb-client-encryption cache-miss
931 http fetch GET 200 https://registry.npmjs.org/mongodb-client-encryption 299ms (cache miss)
932 silly packumentCache full:https://registry.npmjs.org/mongodb-client-encryption set size:undefined disposed:false
933 silly fetch manifest snappy@^7.3.2
934 silly packumentCache full:https://registry.npmjs.org/snappy cache-miss
935 http fetch GET 200 https://registry.npmjs.org/snappy 121ms (cache miss)
936 silly packumentCache full:https://registry.npmjs.org/snappy set size:undefined disposed:false
937 silly fetch manifest socks@^2.7.1
938 silly packumentCache full:https://registry.npmjs.org/socks cache-miss
939 http fetch GET 200 https://registry.npmjs.org/socks 379ms (cache miss)
940 silly packumentCache full:https://registry.npmjs.org/socks set size:undefined disposed:false
941 silly placeDep ROOT bson@6.10.4 OK for: mongoose@8.24.4 want: ^6.10.4
942 silly placeDep ROOT kareem@2.6.3 OK for: mongoose@8.24.4 want: 2.6.3
943 silly placeDep ROOT mongodb@6.20.0 OK for: mongoose@8.24.4 want: ~6.20.0
944 silly placeDep ROOT mpath@0.9.0 OK for: mongoose@8.24.4 want: 0.9.0
945 silly placeDep ROOT mquery@5.0.0 OK for: mongoose@8.24.4 want: 5.0.0
946 silly placeDep ROOT sift@17.1.3 OK for: mongoose@8.24.4 want: 17.1.3
947 silly fetch manifest @mongodb-js/saslprep@^1.3.0
948 silly packumentCache full:https://registry.npmjs.org/@mongodb-js%2fsaslprep cache-miss
949 silly fetch manifest mongodb-connection-string-url@^3.0.2
950 silly packumentCache full:https://registry.npmjs.org/mongodb-connection-string-url cache-miss
951 http fetch GET 200 https://registry.npmjs.org/@mongodb-js%2fsaslprep 42ms (cache miss)
952 silly packumentCache full:https://registry.npmjs.org/@mongodb-js%2fsaslprep set size:undefined disposed:false
953 http fetch GET 200 https://registry.npmjs.org/mongodb-connection-string-url 299ms (cache miss)
954 silly packumentCache full:https://registry.npmjs.org/mongodb-connection-string-url set size:undefined disposed:false
955 silly placeDep ROOT @mongodb-js/saslprep@1.5.0 OK for: mongodb@6.20.0 want: ^1.3.0
956 silly placeDep ROOT mongodb-connection-string-url@3.0.2 OK for: mongodb@6.20.0 want: ^3.0.2
957 silly fetch manifest sparse-bitfield@^3.0.3
958 silly packumentCache full:https://registry.npmjs.org/sparse-bitfield cache-miss
959 silly fetch manifest whatwg-url@^14.1.0 || ^13.0.0
960 silly packumentCache full:https://registry.npmjs.org/whatwg-url cache-miss
961 silly fetch manifest @types/whatwg-url@^11.0.2
962 silly packumentCache full:https://registry.npmjs.org/@types%2fwhatwg-url cache-miss
963 http fetch GET 200 https://registry.npmjs.org/sparse-bitfield 48ms (cache miss)
964 silly packumentCache full:https://registry.npmjs.org/sparse-bitfield set size:undefined disposed:false
965 http fetch GET 200 https://registry.npmjs.org/whatwg-url 80ms (cache miss)
966 silly packumentCache full:https://registry.npmjs.org/whatwg-url set size:undefined disposed:false
967 http fetch GET 200 https://registry.npmjs.org/@types%2fwhatwg-url 1093ms (cache miss)
968 silly packumentCache full:https://registry.npmjs.org/@types%2fwhatwg-url set size:undefined disposed:false
969 silly placeDep ROOT sparse-bitfield@3.0.3 OK for: @mongodb-js/saslprep@1.5.0 want: ^3.0.3
970 silly fetch manifest memory-pager@^1.0.2
971 silly packumentCache full:https://registry.npmjs.org/memory-pager cache-miss
972 http fetch GET 200 https://registry.npmjs.org/memory-pager 36ms (cache miss)
973 silly packumentCache full:https://registry.npmjs.org/memory-pager set size:undefined disposed:false
974 silly placeDep ROOT @types/whatwg-url@11.0.5 OK for: mongodb-connection-string-url@3.0.2 want: ^11.0.2
975 silly placeDep ROOT whatwg-url@14.2.0 OK for: mongodb-connection-string-url@3.0.2 want: ^14.1.0 || ^13.0.0
976 silly fetch manifest @types/webidl-conversions@*
977 silly packumentCache full:https://registry.npmjs.org/@types%2fwebidl-conversions cache-miss
978 silly fetch manifest tr46@^5.1.0
979 silly packumentCache full:https://registry.npmjs.org/tr46 cache-miss
980 silly fetch manifest webidl-conversions@^7.0.0
981 silly packumentCache full:https://registry.npmjs.org/webidl-conversions cache-miss
982 http fetch GET 200 https://registry.npmjs.org/@types%2fwebidl-conversions 46ms (cache miss)
983 silly packumentCache full:https://registry.npmjs.org/@types%2fwebidl-conversions set size:undefined disposed:false
984 http fetch GET 200 https://registry.npmjs.org/webidl-conversions 48ms (cache miss)
985 silly packumentCache full:https://registry.npmjs.org/webidl-conversions set size:undefined disposed:false
986 http fetch GET 200 https://registry.npmjs.org/tr46 51ms (cache miss)
987 silly packumentCache full:https://registry.npmjs.org/tr46 set size:undefined disposed:false
988 silly placeDep ROOT @types/webidl-conversions@7.0.3 OK for: @types/whatwg-url@11.0.5 want: *
989 silly placeDep ROOT ee-first@1.1.1 OK for: on-finished@2.4.1 want: 1.1.1
990 silly placeDep ROOT forwarded@0.2.0 OK for: proxy-addr@2.0.7 want: 0.2.0
991 silly placeDep ROOT ipaddr.js@1.9.1 OK for: proxy-addr@2.0.7 want: 1.9.1
992 silly placeDep ROOT es-define-property@1.0.1 OK for: qs@6.15.3 want: ^1.0.1
993 silly placeDep ROOT side-channel@1.1.1 OK for: qs@6.15.3 want: ^1.1.1
994 silly fetch manifest es-errors@^1.3.0
995 silly packumentCache full:https://registry.npmjs.org/es-errors cache-miss
996 silly fetch manifest object-inspect@^1.13.4
997 silly packumentCache full:https://registry.npmjs.org/object-inspect cache-miss
998 silly fetch manifest side-channel-list@^1.0.1
999 silly packumentCache full:https://registry.npmjs.org/side-channel-list cache-miss
1000 silly fetch manifest side-channel-map@^1.0.1
1001 silly packumentCache full:https://registry.npmjs.org/side-channel-map cache-miss
1002 silly fetch manifest side-channel-weakmap@^1.0.2
1003 silly packumentCache full:https://registry.npmjs.org/side-channel-weakmap cache-miss
1004 http fetch GET 200 https://registry.npmjs.org/side-channel-weakmap 45ms (cache miss)
1005 silly packumentCache full:https://registry.npmjs.org/side-channel-weakmap set size:undefined disposed:false
1006 http fetch GET 200 https://registry.npmjs.org/side-channel-map 48ms (cache miss)
1007 silly packumentCache full:https://registry.npmjs.org/side-channel-map set size:undefined disposed:false
1008 http fetch GET 200 https://registry.npmjs.org/es-errors 53ms (cache miss)
1009 silly packumentCache full:https://registry.npmjs.org/es-errors set size:undefined disposed:false
1010 http fetch GET 200 https://registry.npmjs.org/side-channel-list 51ms (cache miss)
1011 silly packumentCache full:https://registry.npmjs.org/side-channel-list set size:undefined disposed:false
1012 http fetch GET 200 https://registry.npmjs.org/object-inspect 55ms (cache miss)
1013 silly packumentCache full:https://registry.npmjs.org/object-inspect set size:undefined disposed:false
1014 silly placeDep ROOT loose-envify@1.4.0 OK for: react@18.3.1 want: ^1.1.0
1015 silly placeDep ROOT scheduler@0.23.2 OK for: react-dom@18.3.1 want: ^0.23.2
1016 silly placeDep ROOT tslib@2.8.1 OK for: rxjs@7.8.2 want: ^2.1.0
1017 silly placeDep node_modules/send debug@2.6.9 OK for: send@0.19.2 want: 2.6.9
1018 silly placeDep ROOT mime@1.6.0 OK for: send@0.19.2 want: 1.6.0
1019 silly placeDep ROOT es-errors@1.3.0 OK for: side-channel@1.1.1 want: ^1.3.0
1020 silly placeDep ROOT object-inspect@1.13.4 OK for: side-channel@1.1.1 want: ^1.13.4
1021 silly placeDep ROOT side-channel-list@1.0.1 OK for: side-channel@1.1.1 want: ^1.0.1
1022 silly placeDep ROOT side-channel-map@1.0.1 OK for: side-channel@1.1.1 want: ^1.0.1
1023 silly placeDep ROOT side-channel-weakmap@1.0.2 OK for: side-channel@1.1.1 want: ^1.0.2
1024 silly fetch manifest call-bound@^1.0.2
1025 silly packumentCache full:https://registry.npmjs.org/call-bound cache-miss
1026 silly fetch manifest get-intrinsic@^1.2.5
1027 silly packumentCache full:https://registry.npmjs.org/get-intrinsic cache-miss
1028 silly fetch manifest call-bound@^1.0.2
1029 silly packumentCache full:https://registry.npmjs.org/call-bound cache-miss
1030 silly fetch manifest get-intrinsic@^1.2.5
1031 silly packumentCache full:https://registry.npmjs.org/get-intrinsic cache-miss
1032 http fetch GET 200 https://registry.npmjs.org/call-bound 41ms (cache miss)
1033 silly packumentCache full:https://registry.npmjs.org/call-bound set size:undefined disposed:false
1034 http fetch GET 200 https://registry.npmjs.org/call-bound 44ms (cache miss)
1035 silly packumentCache full:https://registry.npmjs.org/call-bound set size:undefined disposed:false
1036 http fetch GET 200 https://registry.npmjs.org/get-intrinsic 43ms (cache miss)
1037 silly packumentCache full:https://registry.npmjs.org/get-intrinsic set size:undefined disposed:false
1038 http fetch GET 200 https://registry.npmjs.org/get-intrinsic 47ms (cache miss)
1039 silly packumentCache full:https://registry.npmjs.org/get-intrinsic set size:undefined disposed:false
1040 silly placeDep ROOT call-bound@1.0.4 OK for: side-channel-map@1.0.1 want: ^1.0.2
1041 silly placeDep ROOT get-intrinsic@1.3.0 OK for: side-channel-map@1.0.1 want: ^1.2.5
1042 silly fetch manifest call-bind-apply-helpers@^1.0.2
1043 silly packumentCache full:https://registry.npmjs.org/call-bind-apply-helpers cache-miss
1044 silly fetch manifest get-intrinsic@^1.3.0
1045 silly packumentCache full:https://registry.npmjs.org/get-intrinsic cache-miss
1046 silly fetch manifest gopd@^1.2.0
1047 silly packumentCache full:https://registry.npmjs.org/gopd cache-miss
1048 silly fetch manifest hasown@^2.0.2
1049 silly packumentCache full:https://registry.npmjs.org/hasown cache-miss
1050 silly fetch manifest get-proto@^1.0.1
1051 silly packumentCache full:https://registry.npmjs.org/get-proto cache-miss
1052 silly fetch manifest has-symbols@^1.1.0
1053 silly packumentCache full:https://registry.npmjs.org/has-symbols cache-miss
1054 silly fetch manifest function-bind@^1.1.2
1055 silly packumentCache full:https://registry.npmjs.org/function-bind cache-miss
1056 silly fetch manifest es-object-atoms@^1.1.1
1057 silly packumentCache full:https://registry.npmjs.org/es-object-atoms cache-miss
1058 silly fetch manifest math-intrinsics@^1.1.0
1059 silly packumentCache full:https://registry.npmjs.org/math-intrinsics cache-miss
1060 silly fetch manifest call-bind-apply-helpers@^1.0.2
1061 silly packumentCache full:https://registry.npmjs.org/call-bind-apply-helpers cache-miss
1062 http cache https://registry.npmjs.org/get-intrinsic 17ms (cache hit)
1063 silly packumentCache full:https://registry.npmjs.org/get-intrinsic set size:60985 disposed:false
1064 http fetch GET 200 https://registry.npmjs.org/function-bind 40ms (cache miss)
1065 silly packumentCache full:https://registry.npmjs.org/function-bind set size:undefined disposed:false
1066 http fetch GET 200 https://registry.npmjs.org/es-object-atoms 40ms (cache miss)
1067 silly packumentCache full:https://registry.npmjs.org/es-object-atoms set size:undefined disposed:false
1068 http fetch GET 200 https://registry.npmjs.org/call-bind-apply-helpers 43ms (cache miss)
1069 silly packumentCache full:https://registry.npmjs.org/call-bind-apply-helpers set size:undefined disposed:false
1070 http fetch GET 200 https://registry.npmjs.org/hasown 43ms (cache miss)
1071 silly packumentCache full:https://registry.npmjs.org/hasown set size:undefined disposed:false
1072 http fetch GET 200 https://registry.npmjs.org/call-bind-apply-helpers 43ms (cache miss)
1073 silly packumentCache full:https://registry.npmjs.org/call-bind-apply-helpers set size:undefined disposed:false
1074 http fetch GET 200 https://registry.npmjs.org/get-proto 46ms (cache miss)
1075 silly packumentCache full:https://registry.npmjs.org/get-proto set size:undefined disposed:false
1076 http fetch GET 200 https://registry.npmjs.org/math-intrinsics 47ms (cache miss)
1077 silly packumentCache full:https://registry.npmjs.org/math-intrinsics set size:undefined disposed:false
1078 http fetch GET 200 https://registry.npmjs.org/has-symbols 51ms (cache miss)
1079 silly packumentCache full:https://registry.npmjs.org/has-symbols set size:undefined disposed:false
1080 http fetch GET 200 https://registry.npmjs.org/gopd 53ms (cache miss)
1081 silly packumentCache full:https://registry.npmjs.org/gopd set size:undefined disposed:false
1082 silly placeDep ROOT call-bind-apply-helpers@1.0.2 OK for: call-bound@1.0.4 want: ^1.0.2
1083 silly placeDep ROOT function-bind@1.1.2 OK for: call-bind-apply-helpers@1.0.2 want: ^1.1.2
1084 silly placeDep ROOT es-object-atoms@1.1.2 OK for: get-intrinsic@1.3.0 want: ^1.1.1
1085 silly placeDep ROOT get-proto@1.0.1 OK for: get-intrinsic@1.3.0 want: ^1.0.1
1086 silly placeDep ROOT gopd@1.2.0 OK for: get-intrinsic@1.3.0 want: ^1.2.0
1087 silly placeDep ROOT has-symbols@1.1.0 OK for: get-intrinsic@1.3.0 want: ^1.1.0
1088 silly placeDep ROOT hasown@2.0.4 OK for: get-intrinsic@1.3.0 want: ^2.0.2
1089 silly placeDep ROOT math-intrinsics@1.1.0 OK for: get-intrinsic@1.3.0 want: ^1.1.0
1090 silly fetch manifest dunder-proto@^1.0.1
1091 silly packumentCache full:https://registry.npmjs.org/dunder-proto cache-miss
1092 http fetch GET 200 https://registry.npmjs.org/dunder-proto 34ms (cache miss)
1093 silly packumentCache full:https://registry.npmjs.org/dunder-proto set size:undefined disposed:false
1094 silly placeDep ROOT dunder-proto@1.0.1 OK for: get-proto@1.0.1 want: ^1.0.1
1095 silly placeDep ROOT memory-pager@1.5.0 OK for: sparse-bitfield@3.0.3 want: ^1.0.2
1096 silly placeDep ROOT has-flag@4.0.0 OK for: supports-color@8.1.1 want: ^4.0.0
1097 silly placeDep ROOT media-typer@0.3.0 OK for: type-is@1.6.18 want: 0.3.0
1098 silly placeDep ROOT escalade@3.2.0 OK for: update-browserslist-db@1.3.1 want: ^3.2.0
1099 silly placeDep ROOT esbuild@0.25.12 OK for: vite@6.4.3 want: ^0.25.0
1100 silly placeDep ROOT fdir@6.5.0 OK for: vite@6.4.3 want: ^6.4.4
1101 silly placeDep ROOT fsevents@2.3.3 OK for: vite@6.4.3 want: ~2.3.3
1102 silly placeDep ROOT picomatch@4.0.7 OK for: vite@6.4.3 want: ^4.0.2
1103 silly placeDep ROOT postcss@8.5.26 OK for: vite@6.4.3 want: ^8.5.3
1104 silly placeDep ROOT rollup@4.63.0 OK for: vite@6.4.3 want: ^4.34.9
1105 silly placeDep ROOT tinyglobby@0.2.17 OK for: vite@6.4.3 want: ^0.2.13
1106 silly fetch manifest @esbuild/aix-ppc64@0.25.12
1107 silly packumentCache full:https://registry.npmjs.org/@esbuild%2faix-ppc64 cache-miss
1108 silly fetch manifest @esbuild/linux-arm@0.25.12
1109 silly packumentCache full:https://registry.npmjs.org/@esbuild%2flinux-arm cache-miss
1110 silly fetch manifest @esbuild/linux-x64@0.25.12
1111 silly packumentCache full:https://registry.npmjs.org/@esbuild%2flinux-x64 cache-miss
1112 silly fetch manifest @esbuild/sunos-x64@0.25.12
1113 silly packumentCache full:https://registry.npmjs.org/@esbuild%2fsunos-x64 cache-miss
1114 silly fetch manifest @esbuild/win32-x64@0.25.12
1115 silly packumentCache full:https://registry.npmjs.org/@esbuild%2fwin32-x64 cache-miss
1116 silly fetch manifest @esbuild/darwin-x64@0.25.12
1117 silly packumentCache full:https://registry.npmjs.org/@esbuild%2fdarwin-x64 cache-miss
1118 silly fetch manifest @esbuild/linux-ia32@0.25.12
1119 silly packumentCache full:https://registry.npmjs.org/@esbuild%2flinux-ia32 cache-miss
1120 silly fetch manifest @esbuild/netbsd-x64@0.25.12
1121 silly packumentCache full:https://registry.npmjs.org/@esbuild%2fnetbsd-x64 cache-miss
1122 silly fetch manifest @esbuild/win32-ia32@0.25.12
1123 silly packumentCache full:https://registry.npmjs.org/@esbuild%2fwin32-ia32 cache-miss
1124 silly fetch manifest @esbuild/android-arm@0.25.12
1125 silly packumentCache full:https://registry.npmjs.org/@esbuild%2fandroid-arm cache-miss
1126 silly fetch manifest @esbuild/android-x64@0.25.12
1127 silly packumentCache full:https://registry.npmjs.org/@esbuild%2fandroid-x64 cache-miss
1128 silly fetch manifest @esbuild/freebsd-x64@0.25.12
1129 silly packumentCache full:https://registry.npmjs.org/@esbuild%2ffreebsd-x64 cache-miss
1130 silly fetch manifest @esbuild/linux-arm64@0.25.12
1131 silly packumentCache full:https://registry.npmjs.org/@esbuild%2flinux-arm64 cache-miss
1132 silly fetch manifest @esbuild/linux-ppc64@0.25.12
1133 silly packumentCache full:https://registry.npmjs.org/@esbuild%2flinux-ppc64 cache-miss
1134 silly fetch manifest @esbuild/linux-s390x@0.25.12
1135 silly packumentCache full:https://registry.npmjs.org/@esbuild%2flinux-s390x cache-miss
1136 http fetch GET 200 https://registry.npmjs.org/@esbuild%2flinux-x64 63ms (cache miss)
1137 silly packumentCache full:https://registry.npmjs.org/@esbuild%2flinux-x64 set size:undefined disposed:false
1138 silly fetch manifest @esbuild/openbsd-x64@0.25.12
1139 silly packumentCache full:https://registry.npmjs.org/@esbuild%2fopenbsd-x64 cache-miss
1140 http fetch GET 200 https://registry.npmjs.org/@esbuild%2fsunos-x64 119ms (cache miss)
1141 silly packumentCache full:https://registry.npmjs.org/@esbuild%2fsunos-x64 set size:undefined disposed:false
1142 silly fetch manifest @esbuild/win32-arm64@0.25.12
1143 silly packumentCache full:https://registry.npmjs.org/@esbuild%2fwin32-arm64 cache-miss
1144 http fetch GET 200 https://registry.npmjs.org/@esbuild%2faix-ppc64 127ms (cache miss)
1145 silly packumentCache full:https://registry.npmjs.org/@esbuild%2faix-ppc64 set size:undefined disposed:false
1146 silly fetch manifest @esbuild/darwin-arm64@0.25.12
1147 silly packumentCache full:https://registry.npmjs.org/@esbuild%2fdarwin-arm64 cache-miss
1148 http fetch GET 200 https://registry.npmjs.org/@esbuild%2fnetbsd-x64 127ms (cache miss)
1149 silly packumentCache full:https://registry.npmjs.org/@esbuild%2fnetbsd-x64 set size:undefined disposed:false
1150 silly fetch manifest @esbuild/netbsd-arm64@0.25.12
1151 silly packumentCache full:https://registry.npmjs.org/@esbuild%2fnetbsd-arm64 cache-miss
1152 http fetch GET 200 https://registry.npmjs.org/@esbuild%2flinux-ia32 140ms (cache miss)
1153 silly packumentCache full:https://registry.npmjs.org/@esbuild%2flinux-ia32 set size:undefined disposed:false
1154 silly fetch manifest @esbuild/android-arm64@0.25.12
1155 silly packumentCache full:https://registry.npmjs.org/@esbuild%2fandroid-arm64 cache-miss
1156 http fetch GET 200 https://registry.npmjs.org/@esbuild%2fdarwin-x64 142ms (cache miss)
1157 silly packumentCache full:https://registry.npmjs.org/@esbuild%2fdarwin-x64 set size:undefined disposed:false
1158 silly fetch manifest @esbuild/freebsd-arm64@0.25.12
1159 silly packumentCache full:https://registry.npmjs.org/@esbuild%2ffreebsd-arm64 cache-miss
1160 http fetch GET 200 https://registry.npmjs.org/@esbuild%2flinux-arm 147ms (cache miss)
1161 silly packumentCache full:https://registry.npmjs.org/@esbuild%2flinux-arm set size:undefined disposed:false
1162 silly fetch manifest @esbuild/linux-loong64@0.25.12
1163 silly packumentCache full:https://registry.npmjs.org/@esbuild%2flinux-loong64 cache-miss
1164 http fetch GET 200 https://registry.npmjs.org/@esbuild%2flinux-ppc64 152ms (cache miss)
1165 silly packumentCache full:https://registry.npmjs.org/@esbuild%2flinux-ppc64 set size:undefined disposed:false
1166 silly fetch manifest @esbuild/linux-riscv64@0.25.12
1167 silly packumentCache full:https://registry.npmjs.org/@esbuild%2flinux-riscv64 cache-miss
1168 http fetch GET 200 https://registry.npmjs.org/@esbuild%2fwin32-ia32 155ms (cache miss)
1169 silly packumentCache full:https://registry.npmjs.org/@esbuild%2fwin32-ia32 set size:undefined disposed:false
1170 silly fetch manifest @esbuild/openbsd-arm64@0.25.12
1171 silly packumentCache full:https://registry.npmjs.org/@esbuild%2fopenbsd-arm64 cache-miss
1172 http fetch GET 200 https://registry.npmjs.org/@esbuild%2flinux-arm64 158ms (cache miss)
1173 silly packumentCache full:https://registry.npmjs.org/@esbuild%2flinux-arm64 set size:undefined disposed:false
1174 silly fetch manifest @esbuild/linux-mips64el@0.25.12
1175 silly packumentCache full:https://registry.npmjs.org/@esbuild%2flinux-mips64el cache-miss
1176 http fetch GET 200 https://registry.npmjs.org/@esbuild%2flinux-s390x 161ms (cache miss)
1177 silly packumentCache full:https://registry.npmjs.org/@esbuild%2flinux-s390x set size:undefined disposed:false
1178 silly fetch manifest @esbuild/openharmony-arm64@0.25.12
1179 silly packumentCache full:https://registry.npmjs.org/@esbuild%2fopenharmony-arm64 cache-miss
1180 http fetch GET 200 https://registry.npmjs.org/@esbuild%2fandroid-x64 168ms (cache miss)
1181 silly packumentCache full:https://registry.npmjs.org/@esbuild%2fandroid-x64 set size:undefined disposed:false
1182 silly fetch manifest nanoid@^3.3.17
1183 silly packumentCache full:https://registry.npmjs.org/nanoid cache-miss
1184 http fetch GET 200 https://registry.npmjs.org/@esbuild%2fopenbsd-x64 112ms (cache miss)
1185 silly packumentCache full:https://registry.npmjs.org/@esbuild%2fopenbsd-x64 set size:undefined disposed:false
1186 silly fetch manifest source-map-js@^1.2.1
1187 silly packumentCache full:https://registry.npmjs.org/source-map-js cache-miss
1188 http fetch GET 200 https://registry.npmjs.org/@esbuild%2fandroid-arm 186ms (cache miss)
1189 silly packumentCache full:https://registry.npmjs.org/@esbuild%2fandroid-arm set size:undefined disposed:false
1190 silly fetch manifest @types/estree@1.0.9
1191 silly packumentCache full:https://registry.npmjs.org/@types%2festree cache-miss
1192 http fetch GET 200 https://registry.npmjs.org/@esbuild%2fwin32-x64 192ms (cache miss)
1193 silly packumentCache full:https://registry.npmjs.org/@esbuild%2fwin32-x64 set size:undefined disposed:false
1194 silly fetch manifest @rollup/rollup-darwin-x64@4.63.0
1195 silly packumentCache full:https://registry.npmjs.org/@rollup%2frollup-darwin-x64 cache-miss
1196 http fetch GET 200 https://registry.npmjs.org/@esbuild%2ffreebsd-x64 198ms (cache miss)
1197 silly packumentCache full:https://registry.npmjs.org/@esbuild%2ffreebsd-x64 set size:undefined disposed:false
1198 silly fetch manifest @rollup/rollup-freebsd-x64@4.63.0
1199 silly packumentCache full:https://registry.npmjs.org/@rollup%2frollup-freebsd-x64 cache-miss
1200 http fetch GET 200 https://registry.npmjs.org/@esbuild%2fwin32-arm64 84ms (cache miss)
1201 silly packumentCache full:https://registry.npmjs.org/@esbuild%2fwin32-arm64 set size:undefined disposed:false
1202 silly fetch manifest @rollup/rollup-openbsd-x64@4.63.0
1203 silly packumentCache full:https://registry.npmjs.org/@rollup%2frollup-openbsd-x64 cache-miss
1204 http fetch GET 200 https://registry.npmjs.org/@esbuild%2fdarwin-arm64 97ms (cache miss)
1205 silly packumentCache full:https://registry.npmjs.org/@esbuild%2fdarwin-arm64 set size:undefined disposed:false
1206 silly fetch manifest @napi-rs/lzma-linux-x64-gnu@1.5.1
1207 silly packumentCache full:https://registry.npmjs.org/@napi-rs%2flzma-linux-x64-gnu cache-miss
1208 http fetch GET 200 https://registry.npmjs.org/@esbuild%2fopenharmony-arm64 297ms (cache miss)
1209 silly packumentCache full:https://registry.npmjs.org/@esbuild%2fopenharmony-arm64 set size:undefined disposed:false
1210 silly fetch manifest @rollup/rollup-darwin-arm64@4.63.0
1211 silly packumentCache full:https://registry.npmjs.org/@rollup%2frollup-darwin-arm64 cache-miss
1212 http fetch GET 200 https://registry.npmjs.org/@rollup%2frollup-openbsd-x64 257ms (cache miss)
1213 silly packumentCache full:https://registry.npmjs.org/@rollup%2frollup-openbsd-x64 set size:undefined disposed:false
1214 silly fetch manifest @rollup/rollup-android-arm64@4.63.0
1215 silly packumentCache full:https://registry.npmjs.org/@rollup%2frollup-android-arm64 cache-miss
1216 http fetch GET 200 https://registry.npmjs.org/@napi-rs%2flzma-linux-x64-gnu 242ms (cache miss)
1217 silly packumentCache full:https://registry.npmjs.org/@napi-rs%2flzma-linux-x64-gnu set size:undefined disposed:false
1218 silly fetch manifest @rollup/rollup-freebsd-arm64@4.63.0
1219 silly packumentCache full:https://registry.npmjs.org/@rollup%2frollup-freebsd-arm64 cache-miss
1220 http fetch GET 200 https://registry.npmjs.org/@esbuild%2fopenbsd-arm64 316ms (cache miss)
1221 silly packumentCache full:https://registry.npmjs.org/@esbuild%2fopenbsd-arm64 set size:undefined disposed:false
1222 silly fetch manifest @rollup/rollup-linux-x64-gnu@4.63.0
1223 silly packumentCache full:https://registry.npmjs.org/@rollup%2frollup-linux-x64-gnu cache-miss
1224 http fetch GET 200 https://registry.npmjs.org/@esbuild%2fnetbsd-arm64 348ms (cache miss)
1225 silly packumentCache full:https://registry.npmjs.org/@esbuild%2fnetbsd-arm64 set size:undefined disposed:false
1226 silly fetch manifest @rollup/rollup-win32-x64-gnu@4.63.0
1227 silly packumentCache full:https://registry.npmjs.org/@rollup%2frollup-win32-x64-gnu cache-miss
1228 http fetch GET 200 https://registry.npmjs.org/source-map-js 305ms (cache miss)
1229 silly packumentCache full:https://registry.npmjs.org/source-map-js set size:undefined disposed:false
1230 silly fetch manifest @rollup/rollup-linux-x64-musl@4.63.0
1231 silly packumentCache full:https://registry.npmjs.org/@rollup%2frollup-linux-x64-musl cache-miss
1232 http fetch GET 200 https://registry.npmjs.org/@esbuild%2fandroid-arm64 350ms (cache miss)
1233 silly packumentCache full:https://registry.npmjs.org/@esbuild%2fandroid-arm64 set size:undefined disposed:false
1234 silly fetch manifest @rollup/rollup-win32-x64-msvc@4.63.0
1235 silly packumentCache full:https://registry.npmjs.org/@rollup%2frollup-win32-x64-msvc cache-miss
1236 http fetch GET 200 https://registry.npmjs.org/@types%2festree 315ms (cache miss)
1237 silly packumentCache full:https://registry.npmjs.org/@types%2festree set size:undefined disposed:false
1238 silly fetch manifest @rollup/rollup-linux-arm64-gnu@4.63.0
1239 silly packumentCache full:https://registry.npmjs.org/@rollup%2frollup-linux-arm64-gnu cache-miss
1240 http fetch GET 200 https://registry.npmjs.org/@rollup%2frollup-darwin-arm64 134ms (cache miss)
1241 silly packumentCache full:https://registry.npmjs.org/@rollup%2frollup-darwin-arm64 set size:undefined disposed:false
1242 silly fetch manifest @rollup/rollup-linux-ppc64-gnu@4.63.0
1243 silly packumentCache full:https://registry.npmjs.org/@rollup%2frollup-linux-ppc64-gnu cache-miss
1244 http fetch GET 200 https://registry.npmjs.org/@rollup%2frollup-linux-x64-musl 120ms (cache miss)
1245 silly packumentCache full:https://registry.npmjs.org/@rollup%2frollup-linux-x64-musl set size:undefined disposed:false
1246 silly fetch manifest @rollup/rollup-linux-s390x-gnu@4.63.0
1247 silly packumentCache full:https://registry.npmjs.org/@rollup%2frollup-linux-s390x-gnu cache-miss
1248 http fetch GET 200 https://registry.npmjs.org/@rollup%2frollup-win32-x64-msvc 127ms (cache miss)
1249 silly packumentCache full:https://registry.npmjs.org/@rollup%2frollup-win32-x64-msvc set size:undefined disposed:false
1250 silly fetch manifest @rollup/rollup-win32-ia32-msvc@4.63.0
1251 silly packumentCache full:https://registry.npmjs.org/@rollup%2frollup-win32-ia32-msvc cache-miss
1252 http fetch GET 200 https://registry.npmjs.org/@rollup%2frollup-win32-x64-gnu 142ms (cache miss)
1253 silly packumentCache full:https://registry.npmjs.org/@rollup%2frollup-win32-x64-gnu set size:undefined disposed:false
1254 silly fetch manifest @rollup/rollup-android-arm-eabi@4.63.0
1255 silly packumentCache full:https://registry.npmjs.org/@rollup%2frollup-android-arm-eabi cache-miss
1256 http fetch GET 200 https://registry.npmjs.org/@rollup%2frollup-linux-arm64-gnu 127ms (cache miss)
1257 silly packumentCache full:https://registry.npmjs.org/@rollup%2frollup-linux-arm64-gnu set size:undefined disposed:false
1258 silly fetch manifest @rollup/rollup-linux-arm64-musl@4.63.0
1259 silly packumentCache full:https://registry.npmjs.org/@rollup%2frollup-linux-arm64-musl cache-miss
1260 http fetch GET 200 https://registry.npmjs.org/@rollup%2frollup-linux-ppc64-gnu 89ms (cache miss)
1261 silly packumentCache full:https://registry.npmjs.org/@rollup%2frollup-linux-ppc64-gnu set size:undefined disposed:false
1262 silly fetch manifest @rollup/rollup-linux-ppc64-musl@4.63.0
1263 silly packumentCache full:https://registry.npmjs.org/@rollup%2frollup-linux-ppc64-musl cache-miss
1264 http fetch GET 200 https://registry.npmjs.org/@rollup%2frollup-linux-s390x-gnu 85ms (cache miss)
1265 silly packumentCache full:https://registry.npmjs.org/@rollup%2frollup-linux-s390x-gnu set size:undefined disposed:false
1266 silly fetch manifest @rollup/rollup-win32-arm64-msvc@4.63.0
1267 silly packumentCache full:https://registry.npmjs.org/@rollup%2frollup-win32-arm64-msvc cache-miss
1268 http fetch GET 200 https://registry.npmjs.org/@rollup%2frollup-android-arm-eabi 76ms (cache miss)
1269 silly packumentCache full:https://registry.npmjs.org/@rollup%2frollup-android-arm-eabi set size:undefined disposed:false
1270 silly fetch manifest @rollup/rollup-linux-loong64-gnu@4.63.0
1271 silly packumentCache full:https://registry.npmjs.org/@rollup%2frollup-linux-loong64-gnu cache-miss
1272 http fetch GET 200 https://registry.npmjs.org/@rollup%2frollup-win32-ia32-msvc 83ms (cache miss)
1273 silly packumentCache full:https://registry.npmjs.org/@rollup%2frollup-win32-ia32-msvc set size:undefined disposed:false
1274 silly fetch manifest @rollup/rollup-linux-riscv64-gnu@4.63.0
1275 silly packumentCache full:https://registry.npmjs.org/@rollup%2frollup-linux-riscv64-gnu cache-miss
1276 http fetch GET 200 https://registry.npmjs.org/@rollup%2frollup-linux-ppc64-musl 41ms (cache miss)
1277 silly packumentCache full:https://registry.npmjs.org/@rollup%2frollup-linux-ppc64-musl set size:undefined disposed:false
1278 silly fetch manifest @rollup/rollup-openharmony-arm64@4.63.0
1279 silly packumentCache full:https://registry.npmjs.org/@rollup%2frollup-openharmony-arm64 cache-miss
1280 http fetch GET 200 https://registry.npmjs.org/@esbuild%2flinux-loong64 597ms (cache miss)
1281 silly packumentCache full:https://registry.npmjs.org/@esbuild%2flinux-loong64 set size:undefined disposed:false
1282 silly fetch manifest @rollup/rollup-linux-loong64-musl@4.63.0
1283 silly packumentCache full:https://registry.npmjs.org/@rollup%2frollup-linux-loong64-musl cache-miss
1284 http fetch GET 200 https://registry.npmjs.org/@rollup%2frollup-linux-loong64-gnu 52ms (cache miss)
1285 silly packumentCache full:https://registry.npmjs.org/@rollup%2frollup-linux-loong64-gnu set size:undefined disposed:false
1286 silly fetch manifest @rollup/rollup-linux-riscv64-musl@4.63.0
1287 silly packumentCache full:https://registry.npmjs.org/@rollup%2frollup-linux-riscv64-musl cache-miss
1288 http fetch GET 200 https://registry.npmjs.org/@rollup%2frollup-win32-arm64-msvc 69ms (cache miss)
1289 silly packumentCache full:https://registry.npmjs.org/@rollup%2frollup-win32-arm64-msvc set size:undefined disposed:false
1290 silly fetch manifest @rollup/rollup-linux-arm-gnueabihf@4.63.0
1291 silly packumentCache full:https://registry.npmjs.org/@rollup%2frollup-linux-arm-gnueabihf cache-miss
1292 http fetch GET 200 https://registry.npmjs.org/@rollup%2frollup-linux-arm64-musl 140ms (cache miss)
1293 silly packumentCache full:https://registry.npmjs.org/@rollup%2frollup-linux-arm64-musl set size:undefined disposed:false
1294 silly fetch manifest @rollup/rollup-linux-arm-musleabihf@4.63.0
1295 silly packumentCache full:https://registry.npmjs.org/@rollup%2frollup-linux-arm-musleabihf cache-miss
1296 http fetch GET 200 https://registry.npmjs.org/@rollup%2frollup-openharmony-arm64 52ms (cache miss)
1297 silly packumentCache full:https://registry.npmjs.org/@rollup%2frollup-openharmony-arm64 set size:undefined disposed:false
1298 http fetch GET 200 https://registry.npmjs.org/@rollup%2frollup-linux-riscv64-gnu 80ms (cache miss)
1299 silly packumentCache full:https://registry.npmjs.org/@rollup%2frollup-linux-riscv64-gnu set size:undefined disposed:false
1300 http fetch GET 200 https://registry.npmjs.org/@rollup%2frollup-linux-loong64-musl 49ms (cache miss)
1301 silly packumentCache full:https://registry.npmjs.org/@rollup%2frollup-linux-loong64-musl set size:undefined disposed:false
1302 http fetch GET 200 https://registry.npmjs.org/@esbuild%2flinux-riscv64 659ms (cache miss)
1303 silly packumentCache full:https://registry.npmjs.org/@esbuild%2flinux-riscv64 set size:undefined disposed:false
1304 http fetch GET 200 https://registry.npmjs.org/nanoid 646ms (cache miss)
1305 silly packumentCache full:https://registry.npmjs.org/nanoid set size:undefined disposed:false
1306 http fetch GET 200 https://registry.npmjs.org/@esbuild%2ffreebsd-arm64 684ms (cache miss)
1307 silly packumentCache full:https://registry.npmjs.org/@esbuild%2ffreebsd-arm64 set size:undefined disposed:false
1308 http fetch GET 200 https://registry.npmjs.org/@rollup%2frollup-linux-riscv64-musl 74ms (cache miss)
1309 silly packumentCache full:https://registry.npmjs.org/@rollup%2frollup-linux-riscv64-musl set size:undefined disposed:false
1310 http fetch GET 200 https://registry.npmjs.org/@rollup%2frollup-darwin-x64 643ms (cache miss)
1311 silly packumentCache full:https://registry.npmjs.org/@rollup%2frollup-darwin-x64 set size:undefined disposed:false
1312 http fetch GET 200 https://registry.npmjs.org/@esbuild%2flinux-mips64el 684ms (cache miss)
1313 silly packumentCache full:https://registry.npmjs.org/@esbuild%2flinux-mips64el set size:undefined disposed:false
1314 http fetch GET 200 https://registry.npmjs.org/@rollup%2frollup-linux-x64-gnu 374ms (cache miss)
1315 silly packumentCache full:https://registry.npmjs.org/@rollup%2frollup-linux-x64-gnu set size:undefined disposed:false
1316 http fetch GET 200 https://registry.npmjs.org/@rollup%2frollup-freebsd-x64 649ms (cache miss)
1317 silly packumentCache full:https://registry.npmjs.org/@rollup%2frollup-freebsd-x64 set size:undefined disposed:false
1318 http fetch GET 200 https://registry.npmjs.org/@rollup%2frollup-linux-arm-gnueabihf 88ms (cache miss)
1319 silly packumentCache full:https://registry.npmjs.org/@rollup%2frollup-linux-arm-gnueabihf set size:undefined disposed:false
1320 http fetch GET 200 https://registry.npmjs.org/@rollup%2frollup-linux-arm-musleabihf 87ms (cache miss)
1321 silly packumentCache full:https://registry.npmjs.org/@rollup%2frollup-linux-arm-musleabihf set size:undefined disposed:false
1322 http fetch GET 200 https://registry.npmjs.org/@rollup%2frollup-freebsd-arm64 542ms (cache miss)
1323 silly packumentCache full:https://registry.npmjs.org/@rollup%2frollup-freebsd-arm64 set size:undefined disposed:false
1324 http fetch GET 200 https://registry.npmjs.org/@rollup%2frollup-android-arm64 555ms (cache miss)
1325 silly packumentCache full:https://registry.npmjs.org/@rollup%2frollup-android-arm64 set size:undefined disposed:false
1326 silly placeDep ROOT @esbuild/aix-ppc64@0.25.12 OK for: esbuild@0.25.12 want: 0.25.12
1327 silly placeDep ROOT @esbuild/android-arm@0.25.12 OK for: esbuild@0.25.12 want: 0.25.12
1328 silly placeDep ROOT @esbuild/android-arm64@0.25.12 OK for: esbuild@0.25.12 want: 0.25.12
1329 silly placeDep ROOT @esbuild/android-x64@0.25.12 OK for: esbuild@0.25.12 want: 0.25.12
1330 silly placeDep ROOT @esbuild/darwin-arm64@0.25.12 OK for: esbuild@0.25.12 want: 0.25.12
1331 silly placeDep ROOT @esbuild/darwin-x64@0.25.12 OK for: esbuild@0.25.12 want: 0.25.12
1332 silly placeDep ROOT @esbuild/freebsd-arm64@0.25.12 OK for: esbuild@0.25.12 want: 0.25.12
1333 silly placeDep ROOT @esbuild/freebsd-x64@0.25.12 OK for: esbuild@0.25.12 want: 0.25.12
1334 silly placeDep ROOT @esbuild/linux-arm@0.25.12 OK for: esbuild@0.25.12 want: 0.25.12
1335 silly placeDep ROOT @esbuild/linux-arm64@0.25.12 OK for: esbuild@0.25.12 want: 0.25.12
1336 silly placeDep ROOT @esbuild/linux-ia32@0.25.12 OK for: esbuild@0.25.12 want: 0.25.12
1337 silly placeDep ROOT @esbuild/linux-loong64@0.25.12 OK for: esbuild@0.25.12 want: 0.25.12
1338 silly placeDep ROOT @esbuild/linux-mips64el@0.25.12 OK for: esbuild@0.25.12 want: 0.25.12
1339 silly placeDep ROOT @esbuild/linux-ppc64@0.25.12 OK for: esbuild@0.25.12 want: 0.25.12
1340 silly placeDep ROOT @esbuild/linux-riscv64@0.25.12 OK for: esbuild@0.25.12 want: 0.25.12
1341 silly placeDep ROOT @esbuild/linux-s390x@0.25.12 OK for: esbuild@0.25.12 want: 0.25.12
1342 silly placeDep ROOT @esbuild/linux-x64@0.25.12 OK for: esbuild@0.25.12 want: 0.25.12
1343 silly placeDep ROOT @esbuild/netbsd-arm64@0.25.12 OK for: esbuild@0.25.12 want: 0.25.12
1344 silly placeDep ROOT @esbuild/netbsd-x64@0.25.12 OK for: esbuild@0.25.12 want: 0.25.12
1345 silly placeDep ROOT @esbuild/openbsd-arm64@0.25.12 OK for: esbuild@0.25.12 want: 0.25.12
1346 silly placeDep ROOT @esbuild/openbsd-x64@0.25.12 OK for: esbuild@0.25.12 want: 0.25.12
1347 silly placeDep ROOT @esbuild/openharmony-arm64@0.25.12 OK for: esbuild@0.25.12 want: 0.25.12
1348 silly placeDep ROOT @esbuild/sunos-x64@0.25.12 OK for: esbuild@0.25.12 want: 0.25.12
1349 silly placeDep ROOT @esbuild/win32-arm64@0.25.12 OK for: esbuild@0.25.12 want: 0.25.12
1350 silly placeDep ROOT @esbuild/win32-ia32@0.25.12 OK for: esbuild@0.25.12 want: 0.25.12
1351 silly placeDep ROOT @esbuild/win32-x64@0.25.12 OK for: esbuild@0.25.12 want: 0.25.12
1352 silly placeDep ROOT nanoid@3.3.18 OK for: postcss@8.5.26 want: ^3.3.17
1353 silly placeDep ROOT source-map-js@1.2.1 OK for: postcss@8.5.26 want: ^1.2.1
1354 silly placeDep ROOT @napi-rs/lzma-linux-x64-gnu@1.5.1 OK for: rollup@4.63.0 want: 1.5.1
1355 silly placeDep ROOT @rollup/rollup-android-arm-eabi@4.63.0 OK for: rollup@4.63.0 want: 4.63.0
1356 silly placeDep ROOT @rollup/rollup-android-arm64@4.63.0 OK for: rollup@4.63.0 want: 4.63.0
1357 silly placeDep ROOT @rollup/rollup-darwin-arm64@4.63.0 OK for: rollup@4.63.0 want: 4.63.0
1358 silly placeDep ROOT @rollup/rollup-darwin-x64@4.63.0 OK for: rollup@4.63.0 want: 4.63.0
1359 silly placeDep ROOT @rollup/rollup-freebsd-arm64@4.63.0 OK for: rollup@4.63.0 want: 4.63.0
1360 silly placeDep ROOT @rollup/rollup-freebsd-x64@4.63.0 OK for: rollup@4.63.0 want: 4.63.0
1361 silly placeDep ROOT @rollup/rollup-linux-arm-gnueabihf@4.63.0 OK for: rollup@4.63.0 want: 4.63.0
1362 silly placeDep ROOT @rollup/rollup-linux-arm-musleabihf@4.63.0 OK for: rollup@4.63.0 want: 4.63.0
1363 silly placeDep ROOT @rollup/rollup-linux-arm64-gnu@4.63.0 OK for: rollup@4.63.0 want: 4.63.0
1364 silly placeDep ROOT @rollup/rollup-linux-arm64-musl@4.63.0 OK for: rollup@4.63.0 want: 4.63.0
1365 silly placeDep ROOT @rollup/rollup-linux-loong64-gnu@4.63.0 OK for: rollup@4.63.0 want: 4.63.0
1366 silly placeDep ROOT @rollup/rollup-linux-loong64-musl@4.63.0 OK for: rollup@4.63.0 want: 4.63.0
1367 silly placeDep ROOT @rollup/rollup-linux-ppc64-gnu@4.63.0 OK for: rollup@4.63.0 want: 4.63.0
1368 silly placeDep ROOT @rollup/rollup-linux-ppc64-musl@4.63.0 OK for: rollup@4.63.0 want: 4.63.0
1369 silly placeDep ROOT @rollup/rollup-linux-riscv64-gnu@4.63.0 OK for: rollup@4.63.0 want: 4.63.0
1370 silly placeDep ROOT @rollup/rollup-linux-riscv64-musl@4.63.0 OK for: rollup@4.63.0 want: 4.63.0
1371 silly placeDep ROOT @rollup/rollup-linux-s390x-gnu@4.63.0 OK for: rollup@4.63.0 want: 4.63.0
1372 silly placeDep ROOT @rollup/rollup-linux-x64-gnu@4.63.0 OK for: rollup@4.63.0 want: 4.63.0
1373 silly placeDep ROOT @rollup/rollup-linux-x64-musl@4.63.0 OK for: rollup@4.63.0 want: 4.63.0
1374 silly placeDep ROOT @rollup/rollup-openbsd-x64@4.63.0 OK for: rollup@4.63.0 want: 4.63.0
1375 silly placeDep ROOT @rollup/rollup-openharmony-arm64@4.63.0 OK for: rollup@4.63.0 want: 4.63.0
1376 silly placeDep ROOT @rollup/rollup-win32-arm64-msvc@4.63.0 OK for: rollup@4.63.0 want: 4.63.0
1377 silly placeDep ROOT @rollup/rollup-win32-ia32-msvc@4.63.0 OK for: rollup@4.63.0 want: 4.63.0
1378 silly placeDep ROOT @rollup/rollup-win32-x64-gnu@4.63.0 OK for: rollup@4.63.0 want: 4.63.0
1379 silly placeDep ROOT @rollup/rollup-win32-x64-msvc@4.63.0 OK for: rollup@4.63.0 want: 4.63.0
1380 silly placeDep ROOT @types/estree@1.0.9 OK for: rollup@4.63.0 want: 1.0.9
1381 silly placeDep ROOT tr46@5.1.1 OK for: whatwg-url@14.2.0 want: ^5.1.0
1382 silly placeDep ROOT webidl-conversions@7.0.0 OK for: whatwg-url@14.2.0 want: ^7.0.0
1383 silly fetch manifest punycode@^2.3.1
1384 silly packumentCache full:https://registry.npmjs.org/punycode cache-miss
1385 http fetch GET 200 https://registry.npmjs.org/punycode 33ms (cache miss)
1386 silly packumentCache full:https://registry.npmjs.org/punycode set size:undefined disposed:false
1387 silly placeDep ROOT punycode@2.3.1 OK for: tr46@5.1.1 want: ^2.3.1
1388 silly placeDep ROOT cliui@8.0.1 OK for: yargs@17.7.2 want: ^8.0.1
1389 silly placeDep ROOT get-caller-file@2.0.5 OK for: yargs@17.7.2 want: ^2.0.5
1390 silly placeDep ROOT require-directory@2.1.1 OK for: yargs@17.7.2 want: ^2.1.1
1391 silly placeDep ROOT string-width@4.2.3 OK for: yargs@17.7.2 want: ^4.2.3
1392 silly placeDep ROOT y18n@5.0.8 OK for: yargs@17.7.2 want: ^5.0.5
1393 silly placeDep ROOT yargs-parser@21.1.1 OK for: yargs@17.7.2 want: ^21.1.1
1394 silly fetch manifest wrap-ansi@^7.0.0
1395 silly packumentCache full:https://registry.npmjs.org/wrap-ansi cache-miss
1396 silly fetch manifest strip-ansi@^6.0.1
1397 silly packumentCache full:https://registry.npmjs.org/strip-ansi cache-miss
1398 silly fetch manifest string-width@^4.2.0
1399 silly packumentCache full:https://registry.npmjs.org/string-width cache-miss
1400 silly fetch manifest strip-ansi@^6.0.1
1401 silly packumentCache full:https://registry.npmjs.org/strip-ansi cache-miss
1402 silly fetch manifest emoji-regex@^8.0.0
1403 silly packumentCache full:https://registry.npmjs.org/emoji-regex cache-miss
1404 silly fetch manifest is-fullwidth-code-point@^3.0.0
1405 silly packumentCache full:https://registry.npmjs.org/is-fullwidth-code-point cache-miss
1406 http cache https://registry.npmjs.org/string-width 12ms (cache hit)
1407 silly packumentCache full:https://registry.npmjs.org/string-width set size:72458 disposed:false
1408 http fetch GET 200 https://registry.npmjs.org/is-fullwidth-code-point 35ms (cache miss)
1409 silly packumentCache full:https://registry.npmjs.org/is-fullwidth-code-point set size:undefined disposed:false
1410 http fetch GET 200 https://registry.npmjs.org/strip-ansi 38ms (cache miss)
1411 silly packumentCache full:https://registry.npmjs.org/strip-ansi set size:undefined disposed:false
1412 http fetch GET 200 https://registry.npmjs.org/wrap-ansi 42ms (cache miss)
1413 silly packumentCache full:https://registry.npmjs.org/wrap-ansi set size:undefined disposed:false
1414 http fetch GET 200 https://registry.npmjs.org/strip-ansi 49ms (cache miss)
1415 silly packumentCache full:https://registry.npmjs.org/strip-ansi set size:undefined disposed:false
1416 http fetch GET 200 https://registry.npmjs.org/emoji-regex 54ms (cache miss)
1417 silly packumentCache full:https://registry.npmjs.org/emoji-regex set size:undefined disposed:false
1418 silly placeDep ROOT strip-ansi@6.0.1 OK for: cliui@8.0.1 want: ^6.0.1
1419 silly placeDep ROOT wrap-ansi@7.0.0 OK for: cliui@8.0.1 want: ^7.0.0
1420 silly fetch manifest ansi-regex@^5.0.1
1421 silly packumentCache full:https://registry.npmjs.org/ansi-regex cache-miss
1422 http fetch GET 200 https://registry.npmjs.org/ansi-regex 38ms (cache miss)
1423 silly packumentCache full:https://registry.npmjs.org/ansi-regex set size:undefined disposed:false
1424 silly placeDep ROOT emoji-regex@8.0.0 OK for: string-width@4.2.3 want: ^8.0.0
1425 silly placeDep ROOT is-fullwidth-code-point@3.0.0 OK for: string-width@4.2.3 want: ^3.0.0
1426 silly placeDep ROOT ansi-regex@5.0.1 OK for: strip-ansi@6.0.1 want: ^5.0.1
1427 silly placeDep node_modules/body-parser ms@2.0.0 OK for: debug@2.6.9 want: 2.0.0
1428 silly placeDep node_modules/express ms@2.0.0 OK for: debug@2.6.9 want: 2.0.0
1429 silly placeDep node_modules/finalhandler ms@2.0.0 OK for: debug@2.6.9 want: 2.0.0
1430 silly placeDep node_modules/send/node_modules/debug ms@2.0.0 OK for: debug@2.6.9 want: 2.0.0
1431 silly reify moves {}
1432 silly audit bulk request {
1432 silly audit   '@vitejs/plugin-react': [ '4.7.0' ],
1432 silly audit   vite: [ '6.4.3' ],
1432 silly audit   bcryptjs: [ '2.4.3' ],
1432 silly audit   concurrently: [ '9.2.4' ],
1432 silly audit   cors: [ '2.8.6' ],
1432 silly audit   dotenv: [ '16.6.1' ],
1432 silly audit   express: [ '4.22.2' ],
1432 silly audit   jsonwebtoken: [ '9.0.3' ],
1432 silly audit   mongoose: [ '8.24.4' ],
1432 silly audit   react: [ '18.3.1' ],
1432 silly audit   'react-dom': [ '18.3.1' ],
1432 silly audit   '@babel/core': [ '7.29.7' ],
1432 silly audit   '@babel/plugin-transform-react-jsx-self': [ '7.29.7' ],
1432 silly audit   '@babel/plugin-transform-react-jsx-source': [ '7.29.7' ],
1432 silly audit   '@rolldown/pluginutils': [ '1.0.0-beta.27' ],
1432 silly audit   '@types/babel__core': [ '7.20.5' ],
1432 silly audit   'react-refresh': [ '0.17.0' ],
1432 silly audit   '@babel/code-frame': [ '7.29.7' ],
1432 silly audit   '@babel/generator': [ '7.29.8' ],
1432 silly audit   '@babel/helper-compilation-targets': [ '7.29.7' ],
1432 silly audit   '@babel/helper-module-transforms': [ '7.29.7' ],
1432 silly audit   '@babel/helpers': [ '7.29.7' ],
1432 silly audit   '@babel/parser': [ '7.29.8' ],
1432 silly audit   '@babel/template': [ '7.29.7' ],
1432 silly audit   '@babel/traverse': [ '7.29.8' ],
1432 silly audit   '@babel/types': [ '7.29.8' ],
1432 silly audit   '@jridgewell/remapping': [ '2.3.5' ],
1432 silly audit   'convert-source-map': [ '2.0.0' ],
1432 silly audit   debug: [ '4.4.3', '2.6.9' ],
1432 silly audit   gensync: [ '1.0.0-beta.2' ],
1432 silly audit   json5: [ '2.2.3' ],
1432 silly audit   semver: [ '6.3.1', '7.8.5' ],
1432 silly audit   '@babel/helper-validator-identifier': [ '7.29.7' ],
1432 silly audit   'js-tokens': [ '4.0.0' ],
1432 silly audit   picocolors: [ '1.1.1' ],
1432 silly audit   '@jridgewell/gen-mapping': [ '0.3.13' ],
1432 silly audit   '@jridgewell/trace-mapping': [ '0.3.31' ],
1432 silly audit   jsesc: [ '3.1.0' ],
1432 silly audit   '@babel/compat-data': [ '7.29.7' ],
1432 silly audit   '@babel/helper-validator-option': [ '7.29.7' ],
1432 silly audit   browserslist: [ '4.28.8' ],
1432 silly audit   'lru-cache': [ '5.1.1' ],
1432 silly audit   '@babel/helper-module-imports': [ '7.29.7' ],
1432 silly audit   '@babel/helper-plugin-utils': [ '7.29.7' ],
1432 silly audit   '@babel/helper-globals': [ '7.29.7' ],
1432 silly audit   '@babel/helper-string-parser': [ '7.29.7' ],
1432 silly audit   '@jridgewell/sourcemap-codec': [ '1.5.5' ],
1432 silly audit   '@jridgewell/resolve-uri': [ '3.1.2' ],
1432 silly audit   '@types/babel__generator': [ '7.27.0' ],
1432 silly audit   '@types/babel__template': [ '7.4.4' ],
1432 silly audit   '@types/babel__traverse': [ '7.28.0' ],
1432 silly audit   'baseline-browser-mapping': [ '2.11.19' ],
1432 silly audit   'caniuse-lite': [ '1.0.30001810' ],
1432 silly audit   'electron-to-chromium': [ '1.5.414' ],
1432 silly audit   'node-releases': [ '2.0.53' ],
1432 silly audit   'update-browserslist-db': [ '1.3.1' ],
1432 silly audit   chalk: [ '4.1.2' ],
1432 silly audit   rxjs: [ '7.8.2' ],
1432 silly audit   'shell-quote': [ '1.9.0' ],
1432 silly audit   'supports-color': [ '8.1.1', '7.2.0' ],
1432 silly audit   'tree-kill': [ '1.2.2' ],
1432 silly audit   yargs: [ '17.7.2' ],
1432 silly audit   'ansi-styles': [ '4.3.0' ],
1432 silly audit   'color-convert': [ '2.0.1' ],
1432 silly audit   'color-name': [ '1.1.4' ],
1432 silly audit   'object-assign': [ '4.1.1' ],
1432 silly audit   vary: [ '1.1.2' ],
1432 silly audit   ms: [ '2.1.3', '2.0.0' ],
1432 silly audit   accepts: [ '1.3.8' ],
1432 silly audit   'array-flatten': [ '1.1.1' ],
1432 silly audit   'body-parser': [ '1.20.6' ],
1432 silly audit   'content-disposition': [ '0.5.4' ],
1432 silly audit   'content-type': [ '1.0.5' ],
1432 silly audit   cookie: [ '0.7.2' ],
1432 silly audit   'cookie-signature': [ '1.0.7' ],
1432 silly audit   depd: [ '2.0.0' ],
1432 silly audit   encodeurl: [ '2.0.0' ],
1432 silly audit   'escape-html': [ '1.0.3' ],
1432 silly audit   etag: [ '1.8.1' ],
1432 silly audit   finalhandler: [ '1.3.2' ],
1432 silly audit   fresh: [ '0.5.2' ],
1432 silly audit   'http-errors': [ '2.0.1' ],
1432 silly audit   'merge-descriptors': [ '1.0.3' ],
1432 silly audit   methods: [ '1.1.2' ],
1432 silly audit   'on-finished': [ '2.4.1' ],
1432 silly audit   parseurl: [ '1.3.3' ],
1432 silly audit   'path-to-regexp': [ '0.1.13' ],
1432 silly audit   'proxy-addr': [ '2.0.7' ],
1432 silly audit   qs: [ '6.15.3' ],
1432 silly audit   'range-parser': [ '1.2.1' ],
1432 silly audit   'safe-buffer': [ '5.2.1' ],
1432 silly audit   send: [ '0.19.2' ],
1432 silly audit   'serve-static': [ '1.16.3' ],
1432 silly audit   setprototypeof: [ '1.2.0' ],
1432 silly audit   statuses: [ '2.0.2' ],
1432 silly audit   'type-is': [ '1.6.18' ],
1432 silly audit   'utils-merge': [ '1.0.1' ],
1432 silly audit   'mime-types': [ '2.1.35' ],
1432 silly audit   negotiator: [ '0.6.3' ],
1432 silly audit   bytes: [ '3.1.2' ],
1432 silly audit   destroy: [ '1.2.0' ],
1432 silly audit   'iconv-lite': [ '0.4.24' ],
1432 silly audit   'raw-body': [ '2.5.3' ],
1432 silly audit   unpipe: [ '1.0.0' ],
1432 silly audit   inherits: [ '2.0.4' ],
1432 silly audit   toidentifier: [ '1.0.1' ],
1432 silly audit   'safer-buffer': [ '2.1.2' ],
1432 silly audit   jws: [ '4.0.1' ],
1432 silly audit   'lodash.includes': [ '4.3.0' ],
1432 silly audit   'lodash.isboolean': [ '3.0.3' ],
1432 silly audit   'lodash.isinteger': [ '4.0.4' ],
1432 silly audit   'lodash.isnumber': [ '3.0.3' ],
1432 silly audit   'lodash.isplainobject': [ '4.0.6' ],
1432 silly audit   'lodash.isstring': [ '4.0.1' ],
1432 silly audit   'lodash.once': [ '4.1.1' ],
1432 silly audit   jwa: [ '2.0.1' ],
1432 silly audit   'buffer-equal-constant-time': [ '1.0.1' ],
1432 silly audit   'ecdsa-sig-formatter': [ '1.0.11' ],
1432 silly audit   yallist: [ '3.1.1' ],
1432 silly audit   'mime-db': [ '1.52.0' ],
1432 silly audit   bson: [ '6.10.4' ],
1432 silly audit   kareem: [ '2.6.3' ],
1432 silly audit   mongodb: [ '6.20.0' ],
1432 silly audit   mpath: [ '0.9.0' ],
1432 silly audit   mquery: [ '5.0.0' ],
1432 silly audit   sift: [ '17.1.3' ],
1432 silly audit   '@mongodb-js/saslprep': [ '1.5.0' ],
1432 silly audit   'mongodb-connection-string-url': [ '3.0.2' ],
1432 silly audit   'sparse-bitfield': [ '3.0.3' ],
1432 silly audit   '@types/whatwg-url': [ '11.0.5' ],
1432 silly audit   'whatwg-url': [ '14.2.0' ],
1432 silly audit   '@types/webidl-conversions': [ '7.0.3' ],
1432 silly audit   'ee-first': [ '1.1.1' ],
1432 silly audit   forwarded: [ '0.2.0' ],
1432 silly audit   'ipaddr.js': [ '1.9.1' ],
1432 silly audit   'es-define-property': [ '1.0.1' ],
1432 silly audit   'side-channel': [ '1.1.1' ],
1432 silly audit   'loose-envify': [ '1.4.0' ],
1432 silly audit   scheduler: [ '0.23.2' ],
1432 silly audit   tslib: [ '2.8.1' ],
1432 silly audit   mime: [ '1.6.0' ],
1432 silly audit   'es-errors': [ '1.3.0' ],
1432 silly audit   'object-inspect': [ '1.13.4' ],
1432 silly audit   'side-channel-list': [ '1.0.1' ],
1432 silly audit   'side-channel-map': [ '1.0.1' ],
1432 silly audit   'side-channel-weakmap': [ '1.0.2' ],
1432 silly audit   'call-bound': [ '1.0.4' ],
1432 silly audit   'get-intrinsic': [ '1.3.0' ],
1432 silly audit   'call-bind-apply-helpers': [ '1.0.2' ],
1432 silly audit   'function-bind': [ '1.1.2' ],
1432 silly audit   'es-object-atoms': [ '1.1.2' ],
1432 silly audit   'get-proto': [ '1.0.1' ],
1432 silly audit   gopd: [ '1.2.0' ],
1432 silly audit   'has-symbols': [ '1.1.0' ],
1432 silly audit   hasown: [ '2.0.4' ],
1432 silly audit   'math-intrinsics': [ '1.1.0' ],
1432 silly audit   'dunder-proto': [ '1.0.1' ],
1432 silly audit   'memory-pager': [ '1.5.0' ],
1432 silly audit   'has-flag': [ '4.0.0' ],
1432 silly audit   'media-typer': [ '0.3.0' ],
1432 silly audit   escalade: [ '3.2.0' ],
1432 silly audit   esbuild: [ '0.25.12' ],
1432 silly audit   fdir: [ '6.5.0' ],
1432 silly audit   fsevents: [ '2.3.3' ],
1432 silly audit   picomatch: [ '4.0.7' ],
1432 silly audit   postcss: [ '8.5.26' ],
1432 silly audit   rollup: [ '4.63.0' ],
1432 silly audit   tinyglobby: [ '0.2.17' ],
1432 silly audit   '@esbuild/aix-ppc64': [ '0.25.12' ],
1432 silly audit   '@esbuild/android-arm': [ '0.25.12' ],
1432 silly audit   '@esbuild/android-arm64': [ '0.25.12' ],
1432 silly audit   '@esbuild/android-x64': [ '0.25.12' ],
1432 silly audit   '@esbuild/darwin-arm64': [ '0.25.12' ],
1432 silly audit   '@esbuild/darwin-x64': [ '0.25.12' ],
1432 silly audit   '@esbuild/freebsd-arm64': [ '0.25.12' ],
1432 silly audit   '@esbuild/freebsd-x64': [ '0.25.12' ],
1432 silly audit   '@esbuild/linux-arm': [ '0.25.12' ],
1432 silly audit   '@esbuild/linux-arm64': [ '0.25.12' ],
1432 silly audit   '@esbuild/linux-ia32': [ '0.25.12' ],
1432 silly audit   '@esbuild/linux-loong64': [ '0.25.12' ],
1432 silly audit   '@esbuild/linux-mips64el': [ '0.25.12' ],
1432 silly audit   '@esbuild/linux-ppc64': [ '0.25.12' ],
1432 silly audit   '@esbuild/linux-riscv64': [ '0.25.12' ],
1432 silly audit   '@esbuild/linux-s390x': [ '0.25.12' ],
1432 silly audit   '@esbuild/linux-x64': [ '0.25.12' ],
1432 silly audit   '@esbuild/netbsd-arm64': [ '0.25.12' ],
1432 silly audit   '@esbuild/netbsd-x64': [ '0.25.12' ],
1432 silly audit   '@esbuild/openbsd-arm64': [ '0.25.12' ],
1432 silly audit   '@esbuild/openbsd-x64': [ '0.25.12' ],
1432 silly audit   '@esbuild/openharmony-arm64': [ '0.25.12' ],
1432 silly audit   '@esbuild/sunos-x64': [ '0.25.12' ],
1432 silly audit   '@esbuild/win32-arm64': [ '0.25.12' ],
1432 silly audit   '@esbuild/win32-ia32': [ '0.25.12' ],
1432 silly audit   '@esbuild/win32-x64': [ '0.25.12' ],
1432 silly audit   nanoid: [ '3.3.18' ],
1432 silly audit   'source-map-js': [ '1.2.1' ],
1432 silly audit   '@napi-rs/lzma-linux-x64-gnu': [ '1.5.1' ],
1432 silly audit   '@rollup/rollup-android-arm-eabi': [ '4.63.0' ],
1432 silly audit   '@rollup/rollup-android-arm64': [ '4.63.0' ],
1432 silly audit   '@rollup/rollup-darwin-arm64': [ '4.63.0' ],
1432 silly audit   '@rollup/rollup-darwin-x64': [ '4.63.0' ],
1432 silly audit   '@rollup/rollup-freebsd-arm64': [ '4.63.0' ],
1432 silly audit   '@rollup/rollup-freebsd-x64': [ '4.63.0' ],
1432 silly audit   '@rollup/rollup-linux-arm-gnueabihf': [ '4.63.0' ],
1432 silly audit   '@rollup/rollup-linux-arm-musleabihf': [ '4.63.0' ],
1432 silly audit   '@rollup/rollup-linux-arm64-gnu': [ '4.63.0' ],
1432 silly audit   '@rollup/rollup-linux-arm64-musl': [ '4.63.0' ],
1432 silly audit   '@rollup/rollup-linux-loong64-gnu': [ '4.63.0' ],
1432 silly audit   '@rollup/rollup-linux-loong64-musl': [ '4.63.0' ],
1432 silly audit   '@rollup/rollup-linux-ppc64-gnu': [ '4.63.0' ],
1432 silly audit   '@rollup/rollup-linux-ppc64-musl': [ '4.63.0' ],
1432 silly audit   '@rollup/rollup-linux-riscv64-gnu': [ '4.63.0' ],
1432 silly audit   '@rollup/rollup-linux-riscv64-musl': [ '4.63.0' ],
1432 silly audit   '@rollup/rollup-linux-s390x-gnu': [ '4.63.0' ],
1432 silly audit   '@rollup/rollup-linux-x64-gnu': [ '4.63.0' ],
1432 silly audit   '@rollup/rollup-linux-x64-musl': [ '4.63.0' ],
1432 silly audit   '@rollup/rollup-openbsd-x64': [ '4.63.0' ],
1432 silly audit   '@rollup/rollup-openharmony-arm64': [ '4.63.0' ],
1432 silly audit   '@rollup/rollup-win32-arm64-msvc': [ '4.63.0' ],
1432 silly audit   '@rollup/rollup-win32-ia32-msvc': [ '4.63.0' ],
1432 silly audit   '@rollup/rollup-win32-x64-gnu': [ '4.63.0' ],
1432 silly audit   '@rollup/rollup-win32-x64-msvc': [ '4.63.0' ],
1432 silly audit   '@types/estree': [ '1.0.9' ],
1432 silly audit   tr46: [ '5.1.1' ],
1432 silly audit   'webidl-conversions': [ '7.0.0' ],
1432 silly audit   punycode: [ '2.3.1' ],
1432 silly audit   cliui: [ '8.0.1' ],
1432 silly audit   'get-caller-file': [ '2.0.5' ],
1432 silly audit   'require-directory': [ '2.1.1' ],
1432 silly audit   'string-width': [ '4.2.3' ],
1432 silly audit   y18n: [ '5.0.8' ],
1432 silly audit   'yargs-parser': [ '21.1.1' ],
1432 silly audit   'strip-ansi': [ '6.0.1' ],
1432 silly audit   'wrap-ansi': [ '7.0.0' ],
1432 silly audit   'emoji-regex': [ '8.0.0' ],
1432 silly audit   'is-fullwidth-code-point': [ '3.0.0' ],
1432 silly audit   'ansi-regex': [ '5.0.1' ]
1432 silly audit }
1433 http cache ansi-regex@https://registry.npmjs.org/ansi-regex/-/ansi-regex-5.0.1.tgz 0ms (cache hit)
1434 http cache emoji-regex@https://registry.npmjs.org/emoji-regex/-/emoji-regex-8.0.0.tgz 0ms (cache hit)
1435 http cache strip-ansi@https://registry.npmjs.org/strip-ansi/-/strip-ansi-6.0.1.tgz 0ms (cache hit)
1436 http cache is-fullwidth-code-point@https://registry.npmjs.org/is-fullwidth-code-point/-/is-fullwidth-code-point-3.0.0.tgz 0ms (cache hit)
1437 http cache yargs-parser@https://registry.npmjs.org/yargs-parser/-/yargs-parser-21.1.1.tgz 0ms (cache hit)
1438 http cache y18n@https://registry.npmjs.org/y18n/-/y18n-5.0.8.tgz 0ms (cache hit)
1439 http cache string-width@https://registry.npmjs.org/string-width/-/string-width-4.2.3.tgz 0ms (cache hit)
1440 http cache wrap-ansi@https://registry.npmjs.org/wrap-ansi/-/wrap-ansi-7.0.0.tgz 0ms (cache hit)
1441 http cache require-directory@https://registry.npmjs.org/require-directory/-/require-directory-2.1.1.tgz 0ms (cache hit)
1442 http cache get-caller-file@https://registry.npmjs.org/get-caller-file/-/get-caller-file-2.0.5.tgz 0ms (cache hit)
1443 http cache punycode@https://registry.npmjs.org/punycode/-/punycode-2.3.1.tgz 0ms (cache hit)
1444 http cache cliui@https://registry.npmjs.org/cliui/-/cliui-8.0.1.tgz 0ms (cache hit)
1445 http cache webidl-conversions@https://registry.npmjs.org/webidl-conversions/-/webidl-conversions-7.0.0.tgz 0ms (cache hit)
1446 http cache @rollup/rollup-win32-x64-gnu@https://registry.npmjs.org/@rollup/rollup-win32-x64-gnu/-/rollup-win32-x64-gnu-4.63.0.tgz 0ms (cache hit)
1447 http cache @types/estree@https://registry.npmjs.org/@types/estree/-/estree-1.0.9.tgz 0ms (cache hit)
1448 http cache tr46@https://registry.npmjs.org/tr46/-/tr46-5.1.1.tgz 0ms (cache hit)
1449 http cache @rollup/rollup-win32-x64-msvc@https://registry.npmjs.org/@rollup/rollup-win32-x64-msvc/-/rollup-win32-x64-msvc-4.63.0.tgz 0ms (cache hit)
1450 http cache source-map-js@https://registry.npmjs.org/source-map-js/-/source-map-js-1.2.1.tgz 0ms (cache hit)
1451 http cache @esbuild/win32-x64@https://registry.npmjs.org/@esbuild/win32-x64/-/win32-x64-0.25.12.tgz 0ms (cache hit)
1452 http cache nanoid@https://registry.npmjs.org/nanoid/-/nanoid-3.3.18.tgz 0ms (cache hit)
1453 http cache rollup@https://registry.npmjs.org/rollup/-/rollup-4.63.0.tgz 0ms (cache hit)
1454 http cache fdir@https://registry.npmjs.org/fdir/-/fdir-6.5.0.tgz 0ms (cache hit)
1455 http cache picomatch@https://registry.npmjs.org/picomatch/-/picomatch-4.0.7.tgz 0ms (cache hit)
1456 http cache esbuild@https://registry.npmjs.org/esbuild/-/esbuild-0.25.12.tgz 0ms (cache hit)
1457 http cache postcss@https://registry.npmjs.org/postcss/-/postcss-8.5.26.tgz 0ms (cache hit)
1458 http cache escalade@https://registry.npmjs.org/escalade/-/escalade-3.2.0.tgz 0ms (cache hit)
1459 http cache tinyglobby@https://registry.npmjs.org/tinyglobby/-/tinyglobby-0.2.17.tgz 0ms (cache hit)
1460 http cache media-typer@https://registry.npmjs.org/media-typer/-/media-typer-0.3.0.tgz 0ms (cache hit)
1461 http cache memory-pager@https://registry.npmjs.org/memory-pager/-/memory-pager-1.5.0.tgz 0ms (cache hit)
1462 http cache math-intrinsics@https://registry.npmjs.org/math-intrinsics/-/math-intrinsics-1.1.0.tgz 0ms (cache hit)
1463 http cache dunder-proto@https://registry.npmjs.org/dunder-proto/-/dunder-proto-1.0.1.tgz 0ms (cache hit)
1464 http cache hasown@https://registry.npmjs.org/hasown/-/hasown-2.0.4.tgz 0ms (cache hit)
1465 http cache has-symbols@https://registry.npmjs.org/has-symbols/-/has-symbols-1.1.0.tgz 0ms (cache hit)
1466 http cache has-flag@https://registry.npmjs.org/has-flag/-/has-flag-4.0.0.tgz 0ms (cache hit)
1467 http cache get-proto@https://registry.npmjs.org/get-proto/-/get-proto-1.0.1.tgz 0ms (cache hit)
1468 http cache function-bind@https://registry.npmjs.org/function-bind/-/function-bind-1.1.2.tgz 0ms (cache hit)
1469 http cache gopd@https://registry.npmjs.org/gopd/-/gopd-1.2.0.tgz 0ms (cache hit)
1470 http cache es-object-atoms@https://registry.npmjs.org/es-object-atoms/-/es-object-atoms-1.1.2.tgz 0ms (cache hit)
1471 http cache call-bind-apply-helpers@https://registry.npmjs.org/call-bind-apply-helpers/-/call-bind-apply-helpers-1.0.2.tgz 0ms (cache hit)
1472 http cache get-intrinsic@https://registry.npmjs.org/get-intrinsic/-/get-intrinsic-1.3.0.tgz 0ms (cache hit)
1473 http cache call-bound@https://registry.npmjs.org/call-bound/-/call-bound-1.0.4.tgz 0ms (cache hit)
1474 http cache es-errors@https://registry.npmjs.org/es-errors/-/es-errors-1.3.0.tgz 0ms (cache hit)
1475 http cache side-channel-list@https://registry.npmjs.org/side-channel-list/-/side-channel-list-1.0.1.tgz 0ms (cache hit)
1476 http cache side-channel-map@https://registry.npmjs.org/side-channel-map/-/side-channel-map-1.0.1.tgz 0ms (cache hit)
1477 http cache side-channel-weakmap@https://registry.npmjs.org/side-channel-weakmap/-/side-channel-weakmap-1.0.2.tgz 0ms (cache hit)
1478 http cache tslib@https://registry.npmjs.org/tslib/-/tslib-2.8.1.tgz 0ms (cache hit)
1479 http cache mime@https://registry.npmjs.org/mime/-/mime-1.6.0.tgz 0ms (cache hit)
1480 http cache es-define-property@https://registry.npmjs.org/es-define-property/-/es-define-property-1.0.1.tgz 0ms (cache hit)
1481 http cache side-channel@https://registry.npmjs.org/side-channel/-/side-channel-1.1.1.tgz 0ms (cache hit)
1482 http cache object-inspect@https://registry.npmjs.org/object-inspect/-/object-inspect-1.13.4.tgz 0ms (cache hit)
1483 http cache scheduler@https://registry.npmjs.org/scheduler/-/scheduler-0.23.2.tgz 0ms (cache hit)
1484 http cache forwarded@https://registry.npmjs.org/forwarded/-/forwarded-0.2.0.tgz 0ms (cache hit)
1485 http cache @types/webidl-conversions@https://registry.npmjs.org/@types/webidl-conversions/-/webidl-conversions-7.0.3.tgz 0ms (cache hit)
1486 http cache ee-first@https://registry.npmjs.org/ee-first/-/ee-first-1.1.1.tgz 0ms (cache hit)
1487 http cache ipaddr.js@https://registry.npmjs.org/ipaddr.js/-/ipaddr.js-1.9.1.tgz 0ms (cache hit)
1488 http cache @mongodb-js/saslprep@https://registry.npmjs.org/@mongodb-js/saslprep/-/saslprep-1.5.0.tgz 0ms (cache hit)
1489 http cache @types/whatwg-url@https://registry.npmjs.org/@types/whatwg-url/-/whatwg-url-11.0.5.tgz 0ms (cache hit)
1490 http cache whatwg-url@https://registry.npmjs.org/whatwg-url/-/whatwg-url-14.2.0.tgz 0ms (cache hit)
1491 http cache loose-envify@https://registry.npmjs.org/loose-envify/-/loose-envify-1.4.0.tgz 0ms (cache hit)
1492 http cache sparse-bitfield@https://registry.npmjs.org/sparse-bitfield/-/sparse-bitfield-3.0.3.tgz 0ms (cache hit)
1493 http cache mongodb-connection-string-url@https://registry.npmjs.org/mongodb-connection-string-url/-/mongodb-connection-string-url-3.0.2.tgz 0ms (cache hit)
1494 http cache sift@https://registry.npmjs.org/sift/-/sift-17.1.3.tgz 0ms (cache hit)
1495 http cache mpath@https://registry.npmjs.org/mpath/-/mpath-0.9.0.tgz 0ms (cache hit)
1496 http cache mquery@https://registry.npmjs.org/mquery/-/mquery-5.0.0.tgz 0ms (cache hit)
1497 http cache mongodb@https://registry.npmjs.org/mongodb/-/mongodb-6.20.0.tgz 0ms (cache hit)
1498 http cache bson@https://registry.npmjs.org/bson/-/bson-6.10.4.tgz 0ms (cache hit)
1499 http cache mime-db@https://registry.npmjs.org/mime-db/-/mime-db-1.52.0.tgz 0ms (cache hit)
1500 http cache kareem@https://registry.npmjs.org/kareem/-/kareem-2.6.3.tgz 0ms (cache hit)
1501 http cache yallist@https://registry.npmjs.org/yallist/-/yallist-3.1.1.tgz 0ms (cache hit)
1502 http cache ecdsa-sig-formatter@https://registry.npmjs.org/ecdsa-sig-formatter/-/ecdsa-sig-formatter-1.0.11.tgz 0ms (cache hit)
1503 http cache jwa@https://registry.npmjs.org/jwa/-/jwa-2.0.1.tgz 0ms (cache hit)
1504 http cache lodash.once@https://registry.npmjs.org/lodash.once/-/lodash.once-4.1.1.tgz 0ms (cache hit)
1505 http cache buffer-equal-constant-time@https://registry.npmjs.org/buffer-equal-constant-time/-/buffer-equal-constant-time-1.0.1.tgz 0ms (cache hit)
1506 http cache lodash.isplainobject@https://registry.npmjs.org/lodash.isplainobject/-/lodash.isplainobject-4.0.6.tgz 0ms (cache hit)
1507 http cache lodash.isstring@https://registry.npmjs.org/lodash.isstring/-/lodash.isstring-4.0.1.tgz 0ms (cache hit)
1508 http cache lodash.isnumber@https://registry.npmjs.org/lodash.isnumber/-/lodash.isnumber-3.0.3.tgz 0ms (cache hit)
1509 http cache lodash.includes@https://registry.npmjs.org/lodash.includes/-/lodash.includes-4.3.0.tgz 0ms (cache hit)
1510 http cache lodash.isboolean@https://registry.npmjs.org/lodash.isboolean/-/lodash.isboolean-3.0.3.tgz 0ms (cache hit)
1511 http cache lodash.isinteger@https://registry.npmjs.org/lodash.isinteger/-/lodash.isinteger-4.0.4.tgz 0ms (cache hit)
1512 http cache safer-buffer@https://registry.npmjs.org/safer-buffer/-/safer-buffer-2.1.2.tgz 0ms (cache hit)
1513 http cache jws@https://registry.npmjs.org/jws/-/jws-4.0.1.tgz 0ms (cache hit)
1514 http cache toidentifier@https://registry.npmjs.org/toidentifier/-/toidentifier-1.0.1.tgz 0ms (cache hit)
1515 http cache iconv-lite@https://registry.npmjs.org/iconv-lite/-/iconv-lite-0.4.24.tgz 0ms (cache hit)
1516 http cache inherits@https://registry.npmjs.org/inherits/-/inherits-2.0.4.tgz 0ms (cache hit)
1517 http cache unpipe@https://registry.npmjs.org/unpipe/-/unpipe-1.0.0.tgz 0ms (cache hit)
1518 http cache destroy@https://registry.npmjs.org/destroy/-/destroy-1.2.0.tgz 0ms (cache hit)
1519 http cache raw-body@https://registry.npmjs.org/raw-body/-/raw-body-2.5.3.tgz 0ms (cache hit)
1520 http cache mime-types@https://registry.npmjs.org/mime-types/-/mime-types-2.1.35.tgz 0ms (cache hit)
1521 http cache utils-merge@https://registry.npmjs.org/utils-merge/-/utils-merge-1.0.1.tgz 0ms (cache hit)
1522 http cache bytes@https://registry.npmjs.org/bytes/-/bytes-3.1.2.tgz 0ms (cache hit)
1523 http cache negotiator@https://registry.npmjs.org/negotiator/-/negotiator-0.6.3.tgz 0ms (cache hit)
1524 http cache type-is@https://registry.npmjs.org/type-is/-/type-is-1.6.18.tgz 0ms (cache hit)
1525 http cache statuses@https://registry.npmjs.org/statuses/-/statuses-2.0.2.tgz 0ms (cache hit)
1526 http cache setprototypeof@https://registry.npmjs.org/setprototypeof/-/setprototypeof-1.2.0.tgz 0ms (cache hit)
1527 http cache serve-static@https://registry.npmjs.org/serve-static/-/serve-static-1.16.3.tgz 0ms (cache hit)
1528 http cache send@https://registry.npmjs.org/send/-/send-0.19.2.tgz 0ms (cache hit)
1529 http cache qs@https://registry.npmjs.org/qs/-/qs-6.15.3.tgz 0ms (cache hit)
1530 http cache safe-buffer@https://registry.npmjs.org/safe-buffer/-/safe-buffer-5.2.1.tgz 0ms (cache hit)
1531 http cache range-parser@https://registry.npmjs.org/range-parser/-/range-parser-1.2.1.tgz 0ms (cache hit)
1532 http cache proxy-addr@https://registry.npmjs.org/proxy-addr/-/proxy-addr-2.0.7.tgz 0ms (cache hit)
1533 http cache path-to-regexp@https://registry.npmjs.org/path-to-regexp/-/path-to-regexp-0.1.13.tgz 0ms (cache hit)
1534 http cache parseurl@https://registry.npmjs.org/parseurl/-/parseurl-1.3.3.tgz 0ms (cache hit)
1535 http cache on-finished@https://registry.npmjs.org/on-finished/-/on-finished-2.4.1.tgz 0ms (cache hit)
1536 http cache methods@https://registry.npmjs.org/methods/-/methods-1.1.2.tgz 0ms (cache hit)
1537 http cache merge-descriptors@https://registry.npmjs.org/merge-descriptors/-/merge-descriptors-1.0.3.tgz 0ms (cache hit)
1538 http cache http-errors@https://registry.npmjs.org/http-errors/-/http-errors-2.0.1.tgz 0ms (cache hit)
1539 http cache fresh@https://registry.npmjs.org/fresh/-/fresh-0.5.2.tgz 0ms (cache hit)
1540 http cache escape-html@https://registry.npmjs.org/escape-html/-/escape-html-1.0.3.tgz 0ms (cache hit)
1541 http cache etag@https://registry.npmjs.org/etag/-/etag-1.8.1.tgz 0ms (cache hit)
1542 http cache depd@https://registry.npmjs.org/depd/-/depd-2.0.0.tgz 0ms (cache hit)
1543 http cache finalhandler@https://registry.npmjs.org/finalhandler/-/finalhandler-1.3.2.tgz 0ms (cache hit)
1544 http cache cookie@https://registry.npmjs.org/cookie/-/cookie-0.7.2.tgz 0ms (cache hit)
1545 http cache cookie-signature@https://registry.npmjs.org/cookie-signature/-/cookie-signature-1.0.7.tgz 0ms (cache hit)
1546 http cache content-disposition@https://registry.npmjs.org/content-disposition/-/content-disposition-0.5.4.tgz 0ms (cache hit)
1547 http cache encodeurl@https://registry.npmjs.org/encodeurl/-/encodeurl-2.0.0.tgz 0ms (cache hit)
1548 http cache body-parser@https://registry.npmjs.org/body-parser/-/body-parser-1.20.6.tgz 0ms (cache hit)
1549 http cache content-type@https://registry.npmjs.org/content-type/-/content-type-1.0.5.tgz 0ms (cache hit)
1550 http cache accepts@https://registry.npmjs.org/accepts/-/accepts-1.3.8.tgz 0ms (cache hit)
1551 http cache vary@https://registry.npmjs.org/vary/-/vary-1.1.2.tgz 0ms (cache hit)
1552 http cache array-flatten@https://registry.npmjs.org/array-flatten/-/array-flatten-1.1.1.tgz 0ms (cache hit)
1553 http cache ms@https://registry.npmjs.org/ms/-/ms-2.1.3.tgz 0ms (cache hit)
1554 http cache color-name@https://registry.npmjs.org/color-name/-/color-name-1.1.4.tgz 0ms (cache hit)
1555 http cache object-assign@https://registry.npmjs.org/object-assign/-/object-assign-4.1.1.tgz 0ms (cache hit)
1556 http cache yargs@https://registry.npmjs.org/yargs/-/yargs-17.7.2.tgz 0ms (cache hit)
1557 http cache tree-kill@https://registry.npmjs.org/tree-kill/-/tree-kill-1.2.2.tgz 0ms (cache hit)
1558 http cache ansi-styles@https://registry.npmjs.org/ansi-styles/-/ansi-styles-4.3.0.tgz 0ms (cache hit)
1559 http cache color-convert@https://registry.npmjs.org/color-convert/-/color-convert-2.0.1.tgz 0ms (cache hit)
1560 http cache supports-color@https://registry.npmjs.org/supports-color/-/supports-color-8.1.1.tgz 0ms (cache hit)
1561 http cache shell-quote@https://registry.npmjs.org/shell-quote/-/shell-quote-1.9.0.tgz 0ms (cache hit)
1562 http cache rxjs@https://registry.npmjs.org/rxjs/-/rxjs-7.8.2.tgz 0ms (cache hit)
1563 http cache update-browserslist-db@https://registry.npmjs.org/update-browserslist-db/-/update-browserslist-db-1.3.1.tgz 0ms (cache hit)
1564 http cache chalk@https://registry.npmjs.org/chalk/-/chalk-4.1.2.tgz 0ms (cache hit)
1565 http cache node-releases@https://registry.npmjs.org/node-releases/-/node-releases-2.0.53.tgz 0ms (cache hit)
1566 http cache @types/babel__traverse@https://registry.npmjs.org/@types/babel__traverse/-/babel__traverse-7.28.0.tgz 0ms (cache hit)
1567 http cache electron-to-chromium@https://registry.npmjs.org/electron-to-chromium/-/electron-to-chromium-1.5.414.tgz 0ms (cache hit)
1568 http cache baseline-browser-mapping@https://registry.npmjs.org/baseline-browser-mapping/-/baseline-browser-mapping-2.11.19.tgz 0ms (cache hit)
1569 http cache @types/babel__template@https://registry.npmjs.org/@types/babel__template/-/babel__template-7.4.4.tgz 0ms (cache hit)
1570 http cache caniuse-lite@https://registry.npmjs.org/caniuse-lite/-/caniuse-lite-1.0.30001810.tgz 0ms (cache hit)
1571 http cache @jridgewell/resolve-uri@https://registry.npmjs.org/@jridgewell/resolve-uri/-/resolve-uri-3.1.2.tgz 0ms (cache hit)
1572 http cache @types/babel__generator@https://registry.npmjs.org/@types/babel__generator/-/babel__generator-7.27.0.tgz 0ms (cache hit)
1573 http cache @jridgewell/sourcemap-codec@https://registry.npmjs.org/@jridgewell/sourcemap-codec/-/sourcemap-codec-1.5.5.tgz 0ms (cache hit)
1574 http cache @babel/helper-plugin-utils@https://registry.npmjs.org/@babel/helper-plugin-utils/-/helper-plugin-utils-7.29.7.tgz 0ms (cache hit)
1575 http cache browserslist@https://registry.npmjs.org/browserslist/-/browserslist-4.28.8.tgz 0ms (cache hit)
1576 http cache @babel/helper-string-parser@https://registry.npmjs.org/@babel/helper-string-parser/-/helper-string-parser-7.29.7.tgz 0ms (cache hit)
1577 http cache @babel/helper-module-imports@https://registry.npmjs.org/@babel/helper-module-imports/-/helper-module-imports-7.29.7.tgz 0ms (cache hit)
1578 http cache lru-cache@https://registry.npmjs.org/lru-cache/-/lru-cache-5.1.1.tgz 0ms (cache hit)
1579 http cache @jridgewell/trace-mapping@https://registry.npmjs.org/@jridgewell/trace-mapping/-/trace-mapping-0.3.31.tgz 0ms (cache hit)
1580 http cache @babel/helper-validator-option@https://registry.npmjs.org/@babel/helper-validator-option/-/helper-validator-option-7.29.7.tgz 0ms (cache hit)
1581 http cache jsesc@https://registry.npmjs.org/jsesc/-/jsesc-3.1.0.tgz 0ms (cache hit)
1582 http cache @jridgewell/gen-mapping@https://registry.npmjs.org/@jridgewell/gen-mapping/-/gen-mapping-0.3.13.tgz 0ms (cache hit)
1583 http cache @babel/helper-globals@https://registry.npmjs.org/@babel/helper-globals/-/helper-globals-7.29.7.tgz 0ms (cache hit)
1584 http cache @babel/compat-data@https://registry.npmjs.org/@babel/compat-data/-/compat-data-7.29.7.tgz 0ms (cache hit)
1585 http cache picocolors@https://registry.npmjs.org/picocolors/-/picocolors-1.1.1.tgz 0ms (cache hit)
1586 http cache js-tokens@https://registry.npmjs.org/js-tokens/-/js-tokens-4.0.0.tgz 0ms (cache hit)
1587 http cache semver@https://registry.npmjs.org/semver/-/semver-6.3.1.tgz 0ms (cache hit)
1588 http cache @babel/helper-validator-identifier@https://registry.npmjs.org/@babel/helper-validator-identifier/-/helper-validator-identifier-7.29.7.tgz 0ms (cache hit)
1589 http cache json5@https://registry.npmjs.org/json5/-/json5-2.2.3.tgz 0ms (cache hit)
1590 http cache gensync@https://registry.npmjs.org/gensync/-/gensync-1.0.0-beta.2.tgz 0ms (cache hit)
1591 http cache @jridgewell/remapping@https://registry.npmjs.org/@jridgewell/remapping/-/remapping-2.3.5.tgz 0ms (cache hit)
1592 http cache debug@https://registry.npmjs.org/debug/-/debug-4.4.3.tgz 0ms (cache hit)
1593 http cache @babel/traverse@https://registry.npmjs.org/@babel/traverse/-/traverse-7.29.8.tgz 0ms (cache hit)
1594 http cache @babel/types@https://registry.npmjs.org/@babel/types/-/types-7.29.8.tgz 0ms (cache hit)
1595 http cache @babel/template@https://registry.npmjs.org/@babel/template/-/template-7.29.7.tgz 0ms (cache hit)
1596 http cache convert-source-map@https://registry.npmjs.org/convert-source-map/-/convert-source-map-2.0.0.tgz 0ms (cache hit)
1597 http cache @babel/parser@https://registry.npmjs.org/@babel/parser/-/parser-7.29.8.tgz 0ms (cache hit)
1598 http cache @babel/helpers@https://registry.npmjs.org/@babel/helpers/-/helpers-7.29.7.tgz 0ms (cache hit)
1599 http cache @babel/helper-module-transforms@https://registry.npmjs.org/@babel/helper-module-transforms/-/helper-module-transforms-7.29.7.tgz 0ms (cache hit)
1600 http cache @babel/code-frame@https://registry.npmjs.org/@babel/code-frame/-/code-frame-7.29.7.tgz 0ms (cache hit)
1601 http cache @babel/generator@https://registry.npmjs.org/@babel/generator/-/generator-7.29.8.tgz 0ms (cache hit)
1602 http cache react-refresh@https://registry.npmjs.org/react-refresh/-/react-refresh-0.17.0.tgz 0ms (cache hit)
1603 http cache @babel/helper-compilation-targets@https://registry.npmjs.org/@babel/helper-compilation-targets/-/helper-compilation-targets-7.29.7.tgz 0ms (cache hit)
1604 http cache @types/babel__core@https://registry.npmjs.org/@types/babel__core/-/babel__core-7.20.5.tgz 0ms (cache hit)
1605 http cache react-dom@https://registry.npmjs.org/react-dom/-/react-dom-18.3.1.tgz 0ms (cache hit)
1606 http cache @rolldown/pluginutils@https://registry.npmjs.org/@rolldown/pluginutils/-/pluginutils-1.0.0-beta.27.tgz 0ms (cache hit)
1607 http cache @babel/plugin-transform-react-jsx-source@https://registry.npmjs.org/@babel/plugin-transform-react-jsx-source/-/plugin-transform-react-jsx-source-7.29.7.tgz 0ms (cache hit)
1608 http cache react@https://registry.npmjs.org/react/-/react-18.3.1.tgz 0ms (cache hit)
1609 http cache @babel/core@https://registry.npmjs.org/@babel/core/-/core-7.29.7.tgz 0ms (cache hit)
1610 http cache jsonwebtoken@https://registry.npmjs.org/jsonwebtoken/-/jsonwebtoken-9.0.3.tgz 0ms (cache hit)
1611 http cache mongoose@https://registry.npmjs.org/mongoose/-/mongoose-8.24.4.tgz 0ms (cache hit)
1612 http cache express@https://registry.npmjs.org/express/-/express-4.22.2.tgz 0ms (cache hit)
1613 http cache @babel/plugin-transform-react-jsx-self@https://registry.npmjs.org/@babel/plugin-transform-react-jsx-self/-/plugin-transform-react-jsx-self-7.29.7.tgz 0ms (cache hit)
1614 http cache cors@https://registry.npmjs.org/cors/-/cors-2.8.6.tgz 0ms (cache hit)
1615 http cache dotenv@https://registry.npmjs.org/dotenv/-/dotenv-16.6.1.tgz 0ms (cache hit)
1616 http cache concurrently@https://registry.npmjs.org/concurrently/-/concurrently-9.2.4.tgz 0ms (cache hit)
1617 http cache bcryptjs@https://registry.npmjs.org/bcryptjs/-/bcryptjs-2.4.3.tgz 0ms (cache hit)
1618 http cache @vitejs/plugin-react@https://registry.npmjs.org/@vitejs/plugin-react/-/plugin-react-4.7.0.tgz 0ms (cache hit)
1619 http cache vite@https://registry.npmjs.org/vite/-/vite-6.4.3.tgz 0ms (cache hit)
1620 http cache debug@https://registry.npmjs.org/debug/-/debug-2.6.9.tgz 0ms (cache hit)
1621 http cache debug@https://registry.npmjs.org/debug/-/debug-2.6.9.tgz 0ms (cache hit)
1622 http cache ms@https://registry.npmjs.org/ms/-/ms-2.0.0.tgz 0ms (cache hit)
1623 http cache supports-color@https://registry.npmjs.org/supports-color/-/supports-color-7.2.0.tgz 0ms (cache hit)
1624 http cache debug@https://registry.npmjs.org/debug/-/debug-2.6.9.tgz 0ms (cache hit)
1625 http cache ms@https://registry.npmjs.org/ms/-/ms-2.0.0.tgz 0ms (cache hit)
1626 http cache ms@https://registry.npmjs.org/ms/-/ms-2.0.0.tgz 0ms (cache hit)
1627 http cache semver@https://registry.npmjs.org/semver/-/semver-7.8.5.tgz 0ms (cache hit)
1628 silly tarball no local data for ansi-regex@https://registry.npmjs.org/ansi-regex/-/ansi-regex-5.0.1.tgz. Extracting by manifest.
1629 silly tarball no local data for emoji-regex@https://registry.npmjs.org/emoji-regex/-/emoji-regex-8.0.0.tgz. Extracting by manifest.
1630 silly tarball no local data for strip-ansi@https://registry.npmjs.org/strip-ansi/-/strip-ansi-6.0.1.tgz. Extracting by manifest.
1631 silly tarball no local data for is-fullwidth-code-point@https://registry.npmjs.org/is-fullwidth-code-point/-/is-fullwidth-code-point-3.0.0.tgz. Extracting by manifest.
1632 silly tarball no local data for yargs-parser@https://registry.npmjs.org/yargs-parser/-/yargs-parser-21.1.1.tgz. Extracting by manifest.
1633 silly tarball no local data for y18n@https://registry.npmjs.org/y18n/-/y18n-5.0.8.tgz. Extracting by manifest.
1634 silly tarball no local data for string-width@https://registry.npmjs.org/string-width/-/string-width-4.2.3.tgz. Extracting by manifest.
1635 silly tarball no local data for wrap-ansi@https://registry.npmjs.org/wrap-ansi/-/wrap-ansi-7.0.0.tgz. Extracting by manifest.
1636 silly tarball no local data for require-directory@https://registry.npmjs.org/require-directory/-/require-directory-2.1.1.tgz. Extracting by manifest.
1637 silly tarball no local data for get-caller-file@https://registry.npmjs.org/get-caller-file/-/get-caller-file-2.0.5.tgz. Extracting by manifest.
1638 silly tarball no local data for punycode@https://registry.npmjs.org/punycode/-/punycode-2.3.1.tgz. Extracting by manifest.
1639 silly tarball no local data for cliui@https://registry.npmjs.org/cliui/-/cliui-8.0.1.tgz. Extracting by manifest.
1640 silly tarball no local data for webidl-conversions@https://registry.npmjs.org/webidl-conversions/-/webidl-conversions-7.0.0.tgz. Extracting by manifest.
1641 silly tarball no local data for @rollup/rollup-win32-x64-gnu@https://registry.npmjs.org/@rollup/rollup-win32-x64-gnu/-/rollup-win32-x64-gnu-4.63.0.tgz. Extracting by manifest.
1642 silly tarball no local data for @types/estree@https://registry.npmjs.org/@types/estree/-/estree-1.0.9.tgz. Extracting by manifest.
1643 silly tarball no local data for tr46@https://registry.npmjs.org/tr46/-/tr46-5.1.1.tgz. Extracting by manifest.
1644 silly tarball no local data for @rollup/rollup-win32-x64-msvc@https://registry.npmjs.org/@rollup/rollup-win32-x64-msvc/-/rollup-win32-x64-msvc-4.63.0.tgz. Extracting by manifest.
1645 silly tarball no local data for source-map-js@https://registry.npmjs.org/source-map-js/-/source-map-js-1.2.1.tgz. Extracting by manifest.
1646 silly tarball no local data for @esbuild/win32-x64@https://registry.npmjs.org/@esbuild/win32-x64/-/win32-x64-0.25.12.tgz. Extracting by manifest.
1647 silly tarball no local data for nanoid@https://registry.npmjs.org/nanoid/-/nanoid-3.3.18.tgz. Extracting by manifest.
1648 silly tarball no local data for rollup@https://registry.npmjs.org/rollup/-/rollup-4.63.0.tgz. Extracting by manifest.
1649 silly tarball no local data for fdir@https://registry.npmjs.org/fdir/-/fdir-6.5.0.tgz. Extracting by manifest.
1650 silly tarball no local data for picomatch@https://registry.npmjs.org/picomatch/-/picomatch-4.0.7.tgz. Extracting by manifest.
1651 silly tarball no local data for esbuild@https://registry.npmjs.org/esbuild/-/esbuild-0.25.12.tgz. Extracting by manifest.
1652 silly tarball no local data for postcss@https://registry.npmjs.org/postcss/-/postcss-8.5.26.tgz. Extracting by manifest.
1653 silly tarball no local data for escalade@https://registry.npmjs.org/escalade/-/escalade-3.2.0.tgz. Extracting by manifest.
1654 silly tarball no local data for tinyglobby@https://registry.npmjs.org/tinyglobby/-/tinyglobby-0.2.17.tgz. Extracting by manifest.
1655 silly tarball no local data for media-typer@https://registry.npmjs.org/media-typer/-/media-typer-0.3.0.tgz. Extracting by manifest.
1656 silly tarball no local data for memory-pager@https://registry.npmjs.org/memory-pager/-/memory-pager-1.5.0.tgz. Extracting by manifest.
1657 silly tarball no local data for math-intrinsics@https://registry.npmjs.org/math-intrinsics/-/math-intrinsics-1.1.0.tgz. Extracting by manifest.
1658 silly tarball no local data for dunder-proto@https://registry.npmjs.org/dunder-proto/-/dunder-proto-1.0.1.tgz. Extracting by manifest.
1659 silly tarball no local data for hasown@https://registry.npmjs.org/hasown/-/hasown-2.0.4.tgz. Extracting by manifest.
1660 silly tarball no local data for has-symbols@https://registry.npmjs.org/has-symbols/-/has-symbols-1.1.0.tgz. Extracting by manifest.
1661 http cache debug@https://registry.npmjs.org/debug/-/debug-2.6.9.tgz 0ms (cache hit)
1662 silly tarball no local data for has-flag@https://registry.npmjs.org/has-flag/-/has-flag-4.0.0.tgz. Extracting by manifest.
1663 silly tarball no local data for get-proto@https://registry.npmjs.org/get-proto/-/get-proto-1.0.1.tgz. Extracting by manifest.
1664 http cache ms@https://registry.npmjs.org/ms/-/ms-2.0.0.tgz 0ms (cache hit)
1665 silly tarball no local data for function-bind@https://registry.npmjs.org/function-bind/-/function-bind-1.1.2.tgz. Extracting by manifest.
1666 silly tarball no local data for gopd@https://registry.npmjs.org/gopd/-/gopd-1.2.0.tgz. Extracting by manifest.
1667 silly tarball no local data for es-object-atoms@https://registry.npmjs.org/es-object-atoms/-/es-object-atoms-1.1.2.tgz. Extracting by manifest.
1668 silly tarball no local data for call-bind-apply-helpers@https://registry.npmjs.org/call-bind-apply-helpers/-/call-bind-apply-helpers-1.0.2.tgz. Extracting by manifest.
1669 silly tarball no local data for get-intrinsic@https://registry.npmjs.org/get-intrinsic/-/get-intrinsic-1.3.0.tgz. Extracting by manifest.
1670 silly tarball no local data for call-bound@https://registry.npmjs.org/call-bound/-/call-bound-1.0.4.tgz. Extracting by manifest.
1671 silly tarball no local data for es-errors@https://registry.npmjs.org/es-errors/-/es-errors-1.3.0.tgz. Extracting by manifest.
1672 silly tarball no local data for side-channel-list@https://registry.npmjs.org/side-channel-list/-/side-channel-list-1.0.1.tgz. Extracting by manifest.
1673 silly tarball no local data for side-channel-map@https://registry.npmjs.org/side-channel-map/-/side-channel-map-1.0.1.tgz. Extracting by manifest.
1674 silly tarball no local data for side-channel-weakmap@https://registry.npmjs.org/side-channel-weakmap/-/side-channel-weakmap-1.0.2.tgz. Extracting by manifest.
1675 silly tarball no local data for tslib@https://registry.npmjs.org/tslib/-/tslib-2.8.1.tgz. Extracting by manifest.
1676 silly tarball no local data for mime@https://registry.npmjs.org/mime/-/mime-1.6.0.tgz. Extracting by manifest.
1677 silly tarball no local data for es-define-property@https://registry.npmjs.org/es-define-property/-/es-define-property-1.0.1.tgz. Extracting by manifest.
1678 silly tarball no local data for side-channel@https://registry.npmjs.org/side-channel/-/side-channel-1.1.1.tgz. Extracting by manifest.
1679 silly tarball no local data for object-inspect@https://registry.npmjs.org/object-inspect/-/object-inspect-1.13.4.tgz. Extracting by manifest.
1680 silly tarball no local data for scheduler@https://registry.npmjs.org/scheduler/-/scheduler-0.23.2.tgz. Extracting by manifest.
1681 silly tarball no local data for forwarded@https://registry.npmjs.org/forwarded/-/forwarded-0.2.0.tgz. Extracting by manifest.
1682 silly tarball no local data for @types/webidl-conversions@https://registry.npmjs.org/@types/webidl-conversions/-/webidl-conversions-7.0.3.tgz. Extracting by manifest.
1683 silly tarball no local data for ee-first@https://registry.npmjs.org/ee-first/-/ee-first-1.1.1.tgz. Extracting by manifest.
1684 silly tarball no local data for ipaddr.js@https://registry.npmjs.org/ipaddr.js/-/ipaddr.js-1.9.1.tgz. Extracting by manifest.
1685 silly tarball no local data for @mongodb-js/saslprep@https://registry.npmjs.org/@mongodb-js/saslprep/-/saslprep-1.5.0.tgz. Extracting by manifest.
1686 silly tarball no local data for @types/whatwg-url@https://registry.npmjs.org/@types/whatwg-url/-/whatwg-url-11.0.5.tgz. Extracting by manifest.
1687 silly tarball no local data for whatwg-url@https://registry.npmjs.org/whatwg-url/-/whatwg-url-14.2.0.tgz. Extracting by manifest.
1688 silly tarball no local data for loose-envify@https://registry.npmjs.org/loose-envify/-/loose-envify-1.4.0.tgz. Extracting by manifest.
1689 silly tarball no local data for sparse-bitfield@https://registry.npmjs.org/sparse-bitfield/-/sparse-bitfield-3.0.3.tgz. Extracting by manifest.
1690 silly tarball no local data for mongodb-connection-string-url@https://registry.npmjs.org/mongodb-connection-string-url/-/mongodb-connection-string-url-3.0.2.tgz. Extracting by manifest.
1691 silly tarball no local data for sift@https://registry.npmjs.org/sift/-/sift-17.1.3.tgz. Extracting by manifest.
1692 silly tarball no local data for mpath@https://registry.npmjs.org/mpath/-/mpath-0.9.0.tgz. Extracting by manifest.
1693 silly tarball no local data for mquery@https://registry.npmjs.org/mquery/-/mquery-5.0.0.tgz. Extracting by manifest.
1694 silly tarball no local data for mongodb@https://registry.npmjs.org/mongodb/-/mongodb-6.20.0.tgz. Extracting by manifest.
1695 silly tarball no local data for bson@https://registry.npmjs.org/bson/-/bson-6.10.4.tgz. Extracting by manifest.
1696 silly tarball no local data for mime-db@https://registry.npmjs.org/mime-db/-/mime-db-1.52.0.tgz. Extracting by manifest.
1697 silly tarball no local data for kareem@https://registry.npmjs.org/kareem/-/kareem-2.6.3.tgz. Extracting by manifest.
1698 silly tarball no local data for yallist@https://registry.npmjs.org/yallist/-/yallist-3.1.1.tgz. Extracting by manifest.
1699 silly tarball no local data for ecdsa-sig-formatter@https://registry.npmjs.org/ecdsa-sig-formatter/-/ecdsa-sig-formatter-1.0.11.tgz. Extracting by manifest.
1700 silly tarball no local data for jwa@https://registry.npmjs.org/jwa/-/jwa-2.0.1.tgz. Extracting by manifest.
1701 silly tarball no local data for lodash.once@https://registry.npmjs.org/lodash.once/-/lodash.once-4.1.1.tgz. Extracting by manifest.
1702 silly tarball no local data for buffer-equal-constant-time@https://registry.npmjs.org/buffer-equal-constant-time/-/buffer-equal-constant-time-1.0.1.tgz. Extracting by manifest.
1703 silly tarball no local data for lodash.isplainobject@https://registry.npmjs.org/lodash.isplainobject/-/lodash.isplainobject-4.0.6.tgz. Extracting by manifest.
1704 silly tarball no local data for lodash.isstring@https://registry.npmjs.org/lodash.isstring/-/lodash.isstring-4.0.1.tgz. Extracting by manifest.
1705 silly tarball no local data for lodash.isnumber@https://registry.npmjs.org/lodash.isnumber/-/lodash.isnumber-3.0.3.tgz. Extracting by manifest.
1706 silly tarball no local data for lodash.includes@https://registry.npmjs.org/lodash.includes/-/lodash.includes-4.3.0.tgz. Extracting by manifest.
1707 silly tarball no local data for lodash.isboolean@https://registry.npmjs.org/lodash.isboolean/-/lodash.isboolean-3.0.3.tgz. Extracting by manifest.
1708 silly tarball no local data for lodash.isinteger@https://registry.npmjs.org/lodash.isinteger/-/lodash.isinteger-4.0.4.tgz. Extracting by manifest.
1709 silly tarball no local data for safer-buffer@https://registry.npmjs.org/safer-buffer/-/safer-buffer-2.1.2.tgz. Extracting by manifest.
1710 silly tarball no local data for jws@https://registry.npmjs.org/jws/-/jws-4.0.1.tgz. Extracting by manifest.
1711 silly tarball no local data for toidentifier@https://registry.npmjs.org/toidentifier/-/toidentifier-1.0.1.tgz. Extracting by manifest.
1712 silly tarball no local data for iconv-lite@https://registry.npmjs.org/iconv-lite/-/iconv-lite-0.4.24.tgz. Extracting by manifest.
1713 silly tarball no local data for inherits@https://registry.npmjs.org/inherits/-/inherits-2.0.4.tgz. Extracting by manifest.
1714 silly tarball no local data for unpipe@https://registry.npmjs.org/unpipe/-/unpipe-1.0.0.tgz. Extracting by manifest.
1715 silly tarball no local data for destroy@https://registry.npmjs.org/destroy/-/destroy-1.2.0.tgz. Extracting by manifest.
1716 silly tarball no local data for raw-body@https://registry.npmjs.org/raw-body/-/raw-body-2.5.3.tgz. Extracting by manifest.
1717 silly tarball no local data for mime-types@https://registry.npmjs.org/mime-types/-/mime-types-2.1.35.tgz. Extracting by manifest.
1718 silly tarball no local data for utils-merge@https://registry.npmjs.org/utils-merge/-/utils-merge-1.0.1.tgz. Extracting by manifest.
1719 silly tarball no local data for bytes@https://registry.npmjs.org/bytes/-/bytes-3.1.2.tgz. Extracting by manifest.
1720 silly tarball no local data for negotiator@https://registry.npmjs.org/negotiator/-/negotiator-0.6.3.tgz. Extracting by manifest.
1721 silly tarball no local data for type-is@https://registry.npmjs.org/type-is/-/type-is-1.6.18.tgz. Extracting by manifest.
1722 silly tarball no local data for statuses@https://registry.npmjs.org/statuses/-/statuses-2.0.2.tgz. Extracting by manifest.
1723 silly tarball no local data for setprototypeof@https://registry.npmjs.org/setprototypeof/-/setprototypeof-1.2.0.tgz. Extracting by manifest.
1724 silly tarball no local data for serve-static@https://registry.npmjs.org/serve-static/-/serve-static-1.16.3.tgz. Extracting by manifest.
1725 silly tarball no local data for send@https://registry.npmjs.org/send/-/send-0.19.2.tgz. Extracting by manifest.
1726 silly tarball no local data for qs@https://registry.npmjs.org/qs/-/qs-6.15.3.tgz. Extracting by manifest.
1727 silly tarball no local data for safe-buffer@https://registry.npmjs.org/safe-buffer/-/safe-buffer-5.2.1.tgz. Extracting by manifest.
1728 silly tarball no local data for range-parser@https://registry.npmjs.org/range-parser/-/range-parser-1.2.1.tgz. Extracting by manifest.
1729 silly tarball no local data for proxy-addr@https://registry.npmjs.org/proxy-addr/-/proxy-addr-2.0.7.tgz. Extracting by manifest.
1730 silly tarball no local data for path-to-regexp@https://registry.npmjs.org/path-to-regexp/-/path-to-regexp-0.1.13.tgz. Extracting by manifest.
1731 silly tarball no local data for parseurl@https://registry.npmjs.org/parseurl/-/parseurl-1.3.3.tgz. Extracting by manifest.
1732 silly tarball no local data for on-finished@https://registry.npmjs.org/on-finished/-/on-finished-2.4.1.tgz. Extracting by manifest.
1733 silly tarball no local data for methods@https://registry.npmjs.org/methods/-/methods-1.1.2.tgz. Extracting by manifest.
1734 silly tarball no local data for merge-descriptors@https://registry.npmjs.org/merge-descriptors/-/merge-descriptors-1.0.3.tgz. Extracting by manifest.
1735 silly tarball no local data for http-errors@https://registry.npmjs.org/http-errors/-/http-errors-2.0.1.tgz. Extracting by manifest.
1736 silly tarball no local data for fresh@https://registry.npmjs.org/fresh/-/fresh-0.5.2.tgz. Extracting by manifest.
1737 silly tarball no local data for escape-html@https://registry.npmjs.org/escape-html/-/escape-html-1.0.3.tgz. Extracting by manifest.
1738 silly tarball no local data for etag@https://registry.npmjs.org/etag/-/etag-1.8.1.tgz. Extracting by manifest.
1739 silly tarball no local data for depd@https://registry.npmjs.org/depd/-/depd-2.0.0.tgz. Extracting by manifest.
1740 silly tarball no local data for finalhandler@https://registry.npmjs.org/finalhandler/-/finalhandler-1.3.2.tgz. Extracting by manifest.
1741 silly tarball no local data for cookie@https://registry.npmjs.org/cookie/-/cookie-0.7.2.tgz. Extracting by manifest.
1742 silly tarball no local data for cookie-signature@https://registry.npmjs.org/cookie-signature/-/cookie-signature-1.0.7.tgz. Extracting by manifest.
1743 silly tarball no local data for content-disposition@https://registry.npmjs.org/content-disposition/-/content-disposition-0.5.4.tgz. Extracting by manifest.
1744 silly tarball no local data for encodeurl@https://registry.npmjs.org/encodeurl/-/encodeurl-2.0.0.tgz. Extracting by manifest.
1745 silly tarball no local data for body-parser@https://registry.npmjs.org/body-parser/-/body-parser-1.20.6.tgz. Extracting by manifest.
1746 silly tarball no local data for content-type@https://registry.npmjs.org/content-type/-/content-type-1.0.5.tgz. Extracting by manifest.
1747 silly tarball no local data for accepts@https://registry.npmjs.org/accepts/-/accepts-1.3.8.tgz. Extracting by manifest.
1748 silly tarball no local data for vary@https://registry.npmjs.org/vary/-/vary-1.1.2.tgz. Extracting by manifest.
1749 silly tarball no local data for array-flatten@https://registry.npmjs.org/array-flatten/-/array-flatten-1.1.1.tgz. Extracting by manifest.
1750 silly tarball no local data for ms@https://registry.npmjs.org/ms/-/ms-2.1.3.tgz. Extracting by manifest.
1751 silly tarball no local data for color-name@https://registry.npmjs.org/color-name/-/color-name-1.1.4.tgz. Extracting by manifest.
1752 silly tarball no local data for object-assign@https://registry.npmjs.org/object-assign/-/object-assign-4.1.1.tgz. Extracting by manifest.
1753 silly tarball no local data for yargs@https://registry.npmjs.org/yargs/-/yargs-17.7.2.tgz. Extracting by manifest.
1754 silly tarball no local data for tree-kill@https://registry.npmjs.org/tree-kill/-/tree-kill-1.2.2.tgz. Extracting by manifest.
1755 silly tarball no local data for ansi-styles@https://registry.npmjs.org/ansi-styles/-/ansi-styles-4.3.0.tgz. Extracting by manifest.
1756 silly tarball no local data for color-convert@https://registry.npmjs.org/color-convert/-/color-convert-2.0.1.tgz. Extracting by manifest.
1757 silly tarball no local data for supports-color@https://registry.npmjs.org/supports-color/-/supports-color-8.1.1.tgz. Extracting by manifest.
1758 silly tarball no local data for shell-quote@https://registry.npmjs.org/shell-quote/-/shell-quote-1.9.0.tgz. Extracting by manifest.
1759 silly tarball no local data for rxjs@https://registry.npmjs.org/rxjs/-/rxjs-7.8.2.tgz. Extracting by manifest.
1760 silly tarball no local data for update-browserslist-db@https://registry.npmjs.org/update-browserslist-db/-/update-browserslist-db-1.3.1.tgz. Extracting by manifest.
1761 silly tarball no local data for chalk@https://registry.npmjs.org/chalk/-/chalk-4.1.2.tgz. Extracting by manifest.
1762 silly tarball no local data for node-releases@https://registry.npmjs.org/node-releases/-/node-releases-2.0.53.tgz. Extracting by manifest.
1763 silly tarball no local data for @types/babel__traverse@https://registry.npmjs.org/@types/babel__traverse/-/babel__traverse-7.28.0.tgz. Extracting by manifest.
1764 silly tarball no local data for electron-to-chromium@https://registry.npmjs.org/electron-to-chromium/-/electron-to-chromium-1.5.414.tgz. Extracting by manifest.
1765 silly tarball no local data for baseline-browser-mapping@https://registry.npmjs.org/baseline-browser-mapping/-/baseline-browser-mapping-2.11.19.tgz. Extracting by manifest.
1766 silly tarball no local data for @types/babel__template@https://registry.npmjs.org/@types/babel__template/-/babel__template-7.4.4.tgz. Extracting by manifest.
1767 silly tarball no local data for caniuse-lite@https://registry.npmjs.org/caniuse-lite/-/caniuse-lite-1.0.30001810.tgz. Extracting by manifest.
1768 silly tarball no local data for @jridgewell/resolve-uri@https://registry.npmjs.org/@jridgewell/resolve-uri/-/resolve-uri-3.1.2.tgz. Extracting by manifest.
1769 silly tarball no local data for @types/babel__generator@https://registry.npmjs.org/@types/babel__generator/-/babel__generator-7.27.0.tgz. Extracting by manifest.
1770 silly tarball no local data for @jridgewell/sourcemap-codec@https://registry.npmjs.org/@jridgewell/sourcemap-codec/-/sourcemap-codec-1.5.5.tgz. Extracting by manifest.
1771 silly tarball no local data for @babel/helper-plugin-utils@https://registry.npmjs.org/@babel/helper-plugin-utils/-/helper-plugin-utils-7.29.7.tgz. Extracting by manifest.
1772 silly tarball no local data for browserslist@https://registry.npmjs.org/browserslist/-/browserslist-4.28.8.tgz. Extracting by manifest.
1773 silly tarball no local data for @babel/helper-string-parser@https://registry.npmjs.org/@babel/helper-string-parser/-/helper-string-parser-7.29.7.tgz. Extracting by manifest.
1774 silly tarball no local data for @babel/helper-module-imports@https://registry.npmjs.org/@babel/helper-module-imports/-/helper-module-imports-7.29.7.tgz. Extracting by manifest.
1775 silly tarball no local data for lru-cache@https://registry.npmjs.org/lru-cache/-/lru-cache-5.1.1.tgz. Extracting by manifest.
1776 silly tarball no local data for @jridgewell/trace-mapping@https://registry.npmjs.org/@jridgewell/trace-mapping/-/trace-mapping-0.3.31.tgz. Extracting by manifest.
1777 silly tarball no local data for @babel/helper-validator-option@https://registry.npmjs.org/@babel/helper-validator-option/-/helper-validator-option-7.29.7.tgz. Extracting by manifest.
1778 silly tarball no local data for jsesc@https://registry.npmjs.org/jsesc/-/jsesc-3.1.0.tgz. Extracting by manifest.
1779 silly tarball no local data for @jridgewell/gen-mapping@https://registry.npmjs.org/@jridgewell/gen-mapping/-/gen-mapping-0.3.13.tgz. Extracting by manifest.
1780 silly tarball no local data for @babel/helper-globals@https://registry.npmjs.org/@babel/helper-globals/-/helper-globals-7.29.7.tgz. Extracting by manifest.
1781 silly tarball no local data for @babel/compat-data@https://registry.npmjs.org/@babel/compat-data/-/compat-data-7.29.7.tgz. Extracting by manifest.
1782 silly tarball no local data for picocolors@https://registry.npmjs.org/picocolors/-/picocolors-1.1.1.tgz. Extracting by manifest.
1783 silly tarball no local data for js-tokens@https://registry.npmjs.org/js-tokens/-/js-tokens-4.0.0.tgz. Extracting by manifest.
1784 silly tarball no local data for semver@https://registry.npmjs.org/semver/-/semver-6.3.1.tgz. Extracting by manifest.
1785 silly tarball no local data for @babel/helper-validator-identifier@https://registry.npmjs.org/@babel/helper-validator-identifier/-/helper-validator-identifier-7.29.7.tgz. Extracting by manifest.
1786 silly tarball no local data for json5@https://registry.npmjs.org/json5/-/json5-2.2.3.tgz. Extracting by manifest.
1787 silly tarball no local data for gensync@https://registry.npmjs.org/gensync/-/gensync-1.0.0-beta.2.tgz. Extracting by manifest.
1788 silly tarball no local data for @jridgewell/remapping@https://registry.npmjs.org/@jridgewell/remapping/-/remapping-2.3.5.tgz. Extracting by manifest.
1789 silly tarball no local data for debug@https://registry.npmjs.org/debug/-/debug-4.4.3.tgz. Extracting by manifest.
1790 silly tarball no local data for @babel/traverse@https://registry.npmjs.org/@babel/traverse/-/traverse-7.29.8.tgz. Extracting by manifest.
1791 silly tarball no local data for @babel/types@https://registry.npmjs.org/@babel/types/-/types-7.29.8.tgz. Extracting by manifest.
1792 silly tarball no local data for @babel/template@https://registry.npmjs.org/@babel/template/-/template-7.29.7.tgz. Extracting by manifest.
1793 silly tarball no local data for convert-source-map@https://registry.npmjs.org/convert-source-map/-/convert-source-map-2.0.0.tgz. Extracting by manifest.
1794 silly tarball no local data for @babel/parser@https://registry.npmjs.org/@babel/parser/-/parser-7.29.8.tgz. Extracting by manifest.
1795 silly tarball no local data for @babel/helpers@https://registry.npmjs.org/@babel/helpers/-/helpers-7.29.7.tgz. Extracting by manifest.
1796 silly tarball no local data for @babel/helper-module-transforms@https://registry.npmjs.org/@babel/helper-module-transforms/-/helper-module-transforms-7.29.7.tgz. Extracting by manifest.
1797 silly tarball no local data for @babel/code-frame@https://registry.npmjs.org/@babel/code-frame/-/code-frame-7.29.7.tgz. Extracting by manifest.
1798 silly tarball no local data for @babel/generator@https://registry.npmjs.org/@babel/generator/-/generator-7.29.8.tgz. Extracting by manifest.
1799 silly tarball no local data for react-refresh@https://registry.npmjs.org/react-refresh/-/react-refresh-0.17.0.tgz. Extracting by manifest.
1800 silly tarball no local data for @babel/helper-compilation-targets@https://registry.npmjs.org/@babel/helper-compilation-targets/-/helper-compilation-targets-7.29.7.tgz. Extracting by manifest.
1801 silly tarball no local data for @types/babel__core@https://registry.npmjs.org/@types/babel__core/-/babel__core-7.20.5.tgz. Extracting by manifest.
1802 silly tarball no local data for react-dom@https://registry.npmjs.org/react-dom/-/react-dom-18.3.1.tgz. Extracting by manifest.
1803 silly tarball no local data for @rolldown/pluginutils@https://registry.npmjs.org/@rolldown/pluginutils/-/pluginutils-1.0.0-beta.27.tgz. Extracting by manifest.
1804 silly tarball no local data for @babel/plugin-transform-react-jsx-source@https://registry.npmjs.org/@babel/plugin-transform-react-jsx-source/-/plugin-transform-react-jsx-source-7.29.7.tgz. Extracting by manifest.
1805 silly tarball no local data for react@https://registry.npmjs.org/react/-/react-18.3.1.tgz. Extracting by manifest.
1806 silly tarball no local data for @babel/core@https://registry.npmjs.org/@babel/core/-/core-7.29.7.tgz. Extracting by manifest.
1807 silly tarball no local data for jsonwebtoken@https://registry.npmjs.org/jsonwebtoken/-/jsonwebtoken-9.0.3.tgz. Extracting by manifest.
1808 silly tarball no local data for mongoose@https://registry.npmjs.org/mongoose/-/mongoose-8.24.4.tgz. Extracting by manifest.
1809 silly tarball no local data for express@https://registry.npmjs.org/express/-/express-4.22.2.tgz. Extracting by manifest.
1810 silly tarball no local data for @babel/plugin-transform-react-jsx-self@https://registry.npmjs.org/@babel/plugin-transform-react-jsx-self/-/plugin-transform-react-jsx-self-7.29.7.tgz. Extracting by manifest.
1811 silly tarball no local data for cors@https://registry.npmjs.org/cors/-/cors-2.8.6.tgz. Extracting by manifest.
1812 silly tarball no local data for dotenv@https://registry.npmjs.org/dotenv/-/dotenv-16.6.1.tgz. Extracting by manifest.
1813 silly tarball no local data for concurrently@https://registry.npmjs.org/concurrently/-/concurrently-9.2.4.tgz. Extracting by manifest.
1814 silly tarball no local data for bcryptjs@https://registry.npmjs.org/bcryptjs/-/bcryptjs-2.4.3.tgz. Extracting by manifest.
1815 silly tarball no local data for @vitejs/plugin-react@https://registry.npmjs.org/@vitejs/plugin-react/-/plugin-react-4.7.0.tgz. Extracting by manifest.
1816 silly tarball no local data for vite@https://registry.npmjs.org/vite/-/vite-6.4.3.tgz. Extracting by manifest.
1817 silly tarball no local data for debug@https://registry.npmjs.org/debug/-/debug-2.6.9.tgz. Extracting by manifest.
1818 silly tarball no local data for debug@https://registry.npmjs.org/debug/-/debug-2.6.9.tgz. Extracting by manifest.
1819 silly tarball no local data for ms@https://registry.npmjs.org/ms/-/ms-2.0.0.tgz. Extracting by manifest.
1820 silly tarball no local data for supports-color@https://registry.npmjs.org/supports-color/-/supports-color-7.2.0.tgz. Extracting by manifest.
1821 silly tarball no local data for debug@https://registry.npmjs.org/debug/-/debug-2.6.9.tgz. Extracting by manifest.
1822 silly tarball no local data for ms@https://registry.npmjs.org/ms/-/ms-2.0.0.tgz. Extracting by manifest.
1823 silly tarball no local data for ms@https://registry.npmjs.org/ms/-/ms-2.0.0.tgz. Extracting by manifest.
1824 silly tarball no local data for semver@https://registry.npmjs.org/semver/-/semver-7.8.5.tgz. Extracting by manifest.
1825 silly tarball no local data for debug@https://registry.npmjs.org/debug/-/debug-2.6.9.tgz. Extracting by manifest.
1826 silly tarball no local data for ms@https://registry.npmjs.org/ms/-/ms-2.0.0.tgz. Extracting by manifest.
1827 http fetch POST 200 https://registry.npmjs.org/-/npm/v1/security/advisories/bulk 326ms
1828 silly audit report {}
1829 http fetch GET 200 https://registry.npmjs.org/emoji-regex/-/emoji-regex-8.0.0.tgz 426ms (cache miss)
1830 http fetch GET 200 https://registry.npmjs.org/y18n/-/y18n-5.0.8.tgz 425ms (cache miss)
1831 http fetch GET 200 https://registry.npmjs.org/cliui/-/cliui-8.0.1.tgz 422ms (cache miss)
1832 http fetch GET 200 https://registry.npmjs.org/punycode/-/punycode-2.3.1.tgz 423ms (cache miss)
1833 http fetch GET 200 https://registry.npmjs.org/get-caller-file/-/get-caller-file-2.0.5.tgz 424ms (cache miss)
1834 http fetch GET 200 https://registry.npmjs.org/is-fullwidth-code-point/-/is-fullwidth-code-point-3.0.0.tgz 428ms (cache miss)
1835 http fetch GET 200 https://registry.npmjs.org/wrap-ansi/-/wrap-ansi-7.0.0.tgz 426ms (cache miss)
1836 http fetch GET 200 https://registry.npmjs.org/ansi-regex/-/ansi-regex-5.0.1.tgz 456ms (cache miss)
1837 http fetch GET 200 https://registry.npmjs.org/strip-ansi/-/strip-ansi-6.0.1.tgz 458ms (cache miss)
1838 http fetch GET 200 https://registry.npmjs.org/require-directory/-/require-directory-2.1.1.tgz 457ms (cache miss)
1839 http fetch GET 200 https://registry.npmjs.org/string-width/-/string-width-4.2.3.tgz 460ms (cache miss)
1840 http fetch GET 200 https://registry.npmjs.org/fdir/-/fdir-6.5.0.tgz 454ms (cache miss)
1841 http fetch GET 200 https://registry.npmjs.org/webidl-conversions/-/webidl-conversions-7.0.0.tgz 468ms (cache miss)
1842 http fetch GET 200 https://registry.npmjs.org/@types/estree/-/estree-1.0.9.tgz 470ms (cache miss)
1843 http fetch GET 200 https://registry.npmjs.org/tinyglobby/-/tinyglobby-0.2.17.tgz 465ms (cache miss)
1844 http fetch GET 200 https://registry.npmjs.org/memory-pager/-/memory-pager-1.5.0.tgz 473ms (cache miss)
1845 http fetch GET 200 https://registry.npmjs.org/hasown/-/hasown-2.0.4.tgz 473ms (cache miss)
1846 http fetch GET 200 https://registry.npmjs.org/escalade/-/escalade-3.2.0.tgz 478ms (cache miss)
1847 http fetch GET 200 https://registry.npmjs.org/dunder-proto/-/dunder-proto-1.0.1.tgz 478ms (cache miss)
1848 http fetch GET 200 https://registry.npmjs.org/has-symbols/-/has-symbols-1.1.0.tgz 477ms (cache miss)
1849 http fetch GET 200 https://registry.npmjs.org/get-proto/-/get-proto-1.0.1.tgz 476ms (cache miss)
1850 http fetch GET 200 https://registry.npmjs.org/has-flag/-/has-flag-4.0.0.tgz 477ms (cache miss)
1851 http fetch GET 200 https://registry.npmjs.org/math-intrinsics/-/math-intrinsics-1.1.0.tgz 484ms (cache miss)
1852 http fetch GET 200 https://registry.npmjs.org/gopd/-/gopd-1.2.0.tgz 483ms (cache miss)
1853 http fetch GET 200 https://registry.npmjs.org/es-errors/-/es-errors-1.3.0.tgz 493ms (cache miss)
1854 http fetch GET 200 https://registry.npmjs.org/media-typer/-/media-typer-0.3.0.tgz 504ms (cache miss)
1855 http fetch GET 200 https://registry.npmjs.org/es-object-atoms/-/es-object-atoms-1.1.2.tgz 500ms (cache miss)
1856 http fetch GET 200 https://registry.npmjs.org/call-bind-apply-helpers/-/call-bind-apply-helpers-1.0.2.tgz 504ms (cache miss)
1857 http fetch GET 200 https://registry.npmjs.org/side-channel-weakmap/-/side-channel-weakmap-1.0.2.tgz 503ms (cache miss)
1858 http fetch GET 200 https://registry.npmjs.org/side-channel-list/-/side-channel-list-1.0.1.tgz 505ms (cache miss)
1859 http fetch GET 200 https://registry.npmjs.org/side-channel-map/-/side-channel-map-1.0.1.tgz 505ms (cache miss)
1860 http fetch GET 200 https://registry.npmjs.org/call-bound/-/call-bound-1.0.4.tgz 507ms (cache miss)
1861 http fetch GET 200 https://registry.npmjs.org/es-define-property/-/es-define-property-1.0.1.tgz 508ms (cache miss)
1862 http fetch GET 200 https://registry.npmjs.org/forwarded/-/forwarded-0.2.0.tgz 507ms (cache miss)
1863 http fetch GET 200 https://registry.npmjs.org/side-channel/-/side-channel-1.1.1.tgz 512ms (cache miss)
1864 http fetch GET 200 https://registry.npmjs.org/ee-first/-/ee-first-1.1.1.tgz 515ms (cache miss)
1865 http fetch GET 200 https://registry.npmjs.org/@types/whatwg-url/-/whatwg-url-11.0.5.tgz 515ms (cache miss)
1866 http fetch GET 200 https://registry.npmjs.org/@types/webidl-conversions/-/webidl-conversions-7.0.3.tgz 524ms (cache miss)
1867 http fetch GET 200 https://registry.npmjs.org/mongodb-connection-string-url/-/mongodb-connection-string-url-3.0.2.tgz 521ms (cache miss)
1868 http fetch GET 200 https://registry.npmjs.org/sparse-bitfield/-/sparse-bitfield-3.0.3.tgz 523ms (cache miss)
1869 http fetch GET 200 https://registry.npmjs.org/loose-envify/-/loose-envify-1.4.0.tgz 525ms (cache miss)
1870 http fetch GET 200 https://registry.npmjs.org/kareem/-/kareem-2.6.3.tgz 527ms (cache miss)
1871 http fetch GET 200 https://registry.npmjs.org/jwa/-/jwa-2.0.1.tgz 530ms (cache miss)
1872 http fetch GET 200 https://registry.npmjs.org/yallist/-/yallist-3.1.1.tgz 534ms (cache miss)
1873 http fetch GET 200 https://registry.npmjs.org/lodash.isplainobject/-/lodash.isplainobject-4.0.6.tgz 557ms (cache miss)
1874 http fetch GET 200 https://registry.npmjs.org/ipaddr.js/-/ipaddr.js-1.9.1.tgz 573ms (cache miss)
1875 http fetch GET 200 https://registry.npmjs.org/esbuild/-/esbuild-0.25.12.tgz 589ms (cache miss)
1876 http fetch GET 200 https://registry.npmjs.org/get-intrinsic/-/get-intrinsic-1.3.0.tgz 595ms (cache miss)
1877 http fetch GET 200 https://registry.npmjs.org/tr46/-/tr46-5.1.1.tgz 610ms (cache miss)
1878 http fetch GET 200 https://registry.npmjs.org/mime-db/-/mime-db-1.52.0.tgz 602ms (cache miss)
1879 http fetch GET 200 https://registry.npmjs.org/mime/-/mime-1.6.0.tgz 611ms (cache miss)
1880 http fetch GET 200 https://registry.npmjs.org/picomatch/-/picomatch-4.0.7.tgz 629ms (cache miss)
1881 http fetch GET 200 https://registry.npmjs.org/function-bind/-/function-bind-1.1.2.tgz 634ms (cache miss)
1882 http fetch GET 200 https://registry.npmjs.org/safer-buffer/-/safer-buffer-2.1.2.tgz 621ms (cache miss)
1883 http fetch GET 200 https://registry.npmjs.org/yargs-parser/-/yargs-parser-21.1.1.tgz 663ms (cache miss)
1884 http fetch GET 200 https://registry.npmjs.org/tslib/-/tslib-2.8.1.tgz 646ms (cache miss)
1885 http fetch GET 200 https://registry.npmjs.org/mpath/-/mpath-0.9.0.tgz 640ms (cache miss)
1886 http fetch GET 200 https://registry.npmjs.org/jws/-/jws-4.0.1.tgz 643ms (cache miss)
1887 http fetch GET 200 https://registry.npmjs.org/toidentifier/-/toidentifier-1.0.1.tgz 657ms (cache miss)
1888 http fetch GET 200 https://registry.npmjs.org/mquery/-/mquery-5.0.0.tgz 689ms (cache miss)
1889 http fetch GET 200 https://registry.npmjs.org/scheduler/-/scheduler-0.23.2.tgz 695ms (cache miss)
1890 http fetch GET 200 https://registry.npmjs.org/whatwg-url/-/whatwg-url-14.2.0.tgz 704ms (cache miss)
1891 http fetch GET 200 https://registry.npmjs.org/source-map-js/-/source-map-js-1.2.1.tgz 721ms (cache miss)
1892 http fetch GET 200 https://registry.npmjs.org/buffer-equal-constant-time/-/buffer-equal-constant-time-1.0.1.tgz 704ms (cache miss)
1893 http fetch GET 200 https://registry.npmjs.org/inherits/-/inherits-2.0.4.tgz 708ms (cache miss)
1894 http fetch GET 200 https://registry.npmjs.org/nanoid/-/nanoid-3.3.18.tgz 743ms (cache miss)
1895 http fetch GET 200 https://registry.npmjs.org/unpipe/-/unpipe-1.0.0.tgz 721ms (cache miss)
1896 http fetch GET 200 https://registry.npmjs.org/lodash.isnumber/-/lodash.isnumber-3.0.3.tgz 753ms (cache miss)
1897 http fetch GET 200 https://registry.npmjs.org/lodash.isboolean/-/lodash.isboolean-3.0.3.tgz 770ms (cache miss)
1898 http fetch GET 200 https://registry.npmjs.org/object-inspect/-/object-inspect-1.13.4.tgz 787ms (cache miss)
1899 http fetch GET 200 https://registry.npmjs.org/lodash.isinteger/-/lodash.isinteger-4.0.4.tgz 785ms (cache miss)
1900 http fetch GET 200 https://registry.npmjs.org/sift/-/sift-17.1.3.tgz 792ms (cache miss)
1901 http fetch GET 200 https://registry.npmjs.org/@mongodb-js/saslprep/-/saslprep-1.5.0.tgz 815ms (cache miss)
1902 http fetch GET 200 https://registry.npmjs.org/postcss/-/postcss-8.5.26.tgz 844ms (cache miss)
1903 http fetch GET 200 https://registry.npmjs.org/utils-merge/-/utils-merge-1.0.1.tgz 823ms (cache miss)
1904 http fetch GET 200 https://registry.npmjs.org/rollup/-/rollup-4.63.0.tgz 852ms (cache miss)
1905 http fetch GET 200 https://registry.npmjs.org/lodash.once/-/lodash.once-4.1.1.tgz 832ms (cache miss)
1906 http fetch GET 200 https://registry.npmjs.org/bytes/-/bytes-3.1.2.tgz 852ms (cache miss)
1907 http fetch GET 200 https://registry.npmjs.org/type-is/-/type-is-1.6.18.tgz 853ms (cache miss)
1908 http fetch GET 200 https://registry.npmjs.org/negotiator/-/negotiator-0.6.3.tgz 857ms (cache miss)
1909 http fetch GET 200 https://registry.npmjs.org/setprototypeof/-/setprototypeof-1.2.0.tgz 872ms (cache miss)
1910 http fetch GET 200 https://registry.npmjs.org/statuses/-/statuses-2.0.2.tgz 872ms (cache miss)
1911 http fetch GET 200 https://registry.npmjs.org/serve-static/-/serve-static-1.16.3.tgz 897ms (cache miss)
1912 http fetch GET 200 https://registry.npmjs.org/send/-/send-0.19.2.tgz 933ms (cache miss)
1913 http fetch GET 200 https://registry.npmjs.org/safe-buffer/-/safe-buffer-5.2.1.tgz 942ms (cache miss)
1914 http fetch GET 200 https://registry.npmjs.org/range-parser/-/range-parser-1.2.1.tgz 957ms (cache miss)
1915 http fetch GET 200 https://registry.npmjs.org/destroy/-/destroy-1.2.0.tgz 966ms (cache miss)
1916 http fetch GET 200 https://registry.npmjs.org/parseurl/-/parseurl-1.3.3.tgz 979ms (cache miss)
1917 http fetch GET 200 https://registry.npmjs.org/mime-types/-/mime-types-2.1.35.tgz 993ms (cache miss)
1918 http fetch GET 200 https://registry.npmjs.org/raw-body/-/raw-body-2.5.3.tgz 1003ms (cache miss)
1919 http fetch GET 200 https://registry.npmjs.org/proxy-addr/-/proxy-addr-2.0.7.tgz 1026ms (cache miss)
1920 http fetch GET 200 https://registry.npmjs.org/on-finished/-/on-finished-2.4.1.tgz 1024ms (cache miss)
1921 http fetch GET 200 https://registry.npmjs.org/merge-descriptors/-/merge-descriptors-1.0.3.tgz 1025ms (cache miss)
1922 http fetch GET 200 https://registry.npmjs.org/methods/-/methods-1.1.2.tgz 1034ms (cache miss)
1923 http fetch GET 200 https://registry.npmjs.org/escape-html/-/escape-html-1.0.3.tgz 1057ms (cache miss)
1924 http fetch GET 200 https://registry.npmjs.org/fresh/-/fresh-0.5.2.tgz 1058ms (cache miss)
1925 http fetch GET 200 https://registry.npmjs.org/http-errors/-/http-errors-2.0.1.tgz 1065ms (cache miss)
1926 http fetch GET 200 https://registry.npmjs.org/etag/-/etag-1.8.1.tgz 1063ms (cache miss)
1927 http fetch GET 200 https://registry.npmjs.org/depd/-/depd-2.0.0.tgz 1076ms (cache miss)
1928 http fetch GET 200 https://registry.npmjs.org/cookie-signature/-/cookie-signature-1.0.7.tgz 1089ms (cache miss)
1929 http fetch GET 200 https://registry.npmjs.org/encodeurl/-/encodeurl-2.0.0.tgz 1113ms (cache miss)
1930 http fetch GET 200 https://registry.npmjs.org/ecdsa-sig-formatter/-/ecdsa-sig-formatter-1.0.11.tgz 1135ms (cache miss)
1931 http fetch GET 200 https://registry.npmjs.org/content-disposition/-/content-disposition-0.5.4.tgz 1129ms (cache miss)
1932 http fetch GET 200 https://registry.npmjs.org/iconv-lite/-/iconv-lite-0.4.24.tgz 1152ms (cache miss)
1933 http fetch GET 200 https://registry.npmjs.org/accepts/-/accepts-1.3.8.tgz 1151ms (cache miss)
1934 http fetch GET 200 https://registry.npmjs.org/content-type/-/content-type-1.0.5.tgz 1155ms (cache miss)
1935 http fetch GET 200 https://registry.npmjs.org/array-flatten/-/array-flatten-1.1.1.tgz 1173ms (cache miss)
1936 http fetch GET 200 https://registry.npmjs.org/color-name/-/color-name-1.1.4.tgz 1199ms (cache miss)
1937 http fetch GET 200 https://registry.npmjs.org/path-to-regexp/-/path-to-regexp-0.1.13.tgz 1215ms (cache miss)
1938 http fetch GET 200 https://registry.npmjs.org/ms/-/ms-2.1.3.tgz 1206ms (cache miss)
1939 http fetch GET 200 https://registry.npmjs.org/@rollup/rollup-win32-x64-msvc/-/rollup-win32-x64-msvc-4.63.0.tgz 1262ms (cache miss)
1940 http fetch GET 200 https://registry.npmjs.org/object-assign/-/object-assign-4.1.1.tgz 1218ms (cache miss)
1941 http fetch GET 200 https://registry.npmjs.org/body-parser/-/body-parser-1.20.6.tgz 1223ms (cache miss)
1942 http fetch GET 200 https://registry.npmjs.org/ansi-styles/-/ansi-styles-4.3.0.tgz 1243ms (cache miss)
1943 http fetch GET 200 https://registry.npmjs.org/color-convert/-/color-convert-2.0.1.tgz 1258ms (cache miss)
1944 http fetch GET 200 https://registry.npmjs.org/supports-color/-/supports-color-8.1.1.tgz 1257ms (cache miss)
1945 http fetch GET 200 https://registry.npmjs.org/tree-kill/-/tree-kill-1.2.2.tgz 1266ms (cache miss)
1946 http fetch GET 200 https://registry.npmjs.org/update-browserslist-db/-/update-browserslist-db-1.3.1.tgz 1290ms (cache miss)
1947 http fetch GET 200 https://registry.npmjs.org/shell-quote/-/shell-quote-1.9.0.tgz 1318ms (cache miss)
1948 http fetch GET 200 https://registry.npmjs.org/chalk/-/chalk-4.1.2.tgz 1397ms (cache miss)
1949 http fetch GET 200 https://registry.npmjs.org/yargs/-/yargs-17.7.2.tgz 1456ms (cache miss)
1950 http fetch GET 200 https://registry.npmjs.org/vary/-/vary-1.1.2.tgz 1470ms (cache miss)
1951 http fetch GET 200 https://registry.npmjs.org/@types/babel__template/-/babel__template-7.4.4.tgz 1487ms (cache miss)
1952 http fetch GET 200 https://registry.npmjs.org/node-releases/-/node-releases-2.0.53.tgz 1547ms (cache miss)
1953 http fetch GET 200 https://registry.npmjs.org/cookie/-/cookie-0.7.2.tgz 1563ms (cache miss)
1954 http fetch GET 200 https://registry.npmjs.org/baseline-browser-mapping/-/baseline-browser-mapping-2.11.19.tgz 1559ms (cache miss)
1955 http fetch GET 200 https://registry.npmjs.org/@types/babel__generator/-/babel__generator-7.27.0.tgz 1575ms (cache miss)
1956 http fetch GET 200 https://registry.npmjs.org/@types/babel__traverse/-/babel__traverse-7.28.0.tgz 1588ms (cache miss)
1957 http fetch GET 200 https://registry.npmjs.org/@babel/helper-plugin-utils/-/helper-plugin-utils-7.29.7.tgz 1621ms (cache miss)
1958 http fetch GET 200 https://registry.npmjs.org/browserslist/-/browserslist-4.28.8.tgz 1646ms (cache miss)
1959 http fetch GET 200 https://registry.npmjs.org/finalhandler/-/finalhandler-1.3.2.tgz 1736ms (cache miss)
1960 http fetch GET 200 https://registry.npmjs.org/lru-cache/-/lru-cache-5.1.1.tgz 1747ms (cache miss)
1961 http fetch GET 200 https://registry.npmjs.org/@babel/helper-module-imports/-/helper-module-imports-7.29.7.tgz 1971ms (cache miss)
1962 http fetch GET 200 https://registry.npmjs.org/@jridgewell/trace-mapping/-/trace-mapping-0.3.31.tgz 1993ms (cache miss)
1963 http fetch GET 200 https://registry.npmjs.org/lodash.isstring/-/lodash.isstring-4.0.1.tgz 2093ms (cache miss)
1964 http fetch GET 200 https://registry.npmjs.org/electron-to-chromium/-/electron-to-chromium-1.5.414.tgz 2076ms (cache miss)
1965 http fetch GET 200 https://registry.npmjs.org/picocolors/-/picocolors-1.1.1.tgz 2102ms (cache miss)
1966 http fetch GET 200 https://registry.npmjs.org/@babel/helper-validator-option/-/helper-validator-option-7.29.7.tgz 2109ms (cache miss)
1967 http fetch GET 200 https://registry.npmjs.org/@babel/helper-globals/-/helper-globals-7.29.7.tgz 2129ms (cache miss)
1968 http fetch GET 200 https://registry.npmjs.org/jsesc/-/jsesc-3.1.0.tgz 2159ms (cache miss)
1969 http fetch GET 200 https://registry.npmjs.org/js-tokens/-/js-tokens-4.0.0.tgz 2159ms (cache miss)
1970 http fetch GET 200 https://registry.npmjs.org/@jridgewell/gen-mapping/-/gen-mapping-0.3.13.tgz 2188ms (cache miss)
1971 http fetch GET 200 https://registry.npmjs.org/@babel/helper-validator-identifier/-/helper-validator-identifier-7.29.7.tgz 2213ms (cache miss)
1972 http fetch GET 200 https://registry.npmjs.org/gensync/-/gensync-1.0.0-beta.2.tgz 2214ms (cache miss)
1973 http fetch GET 200 https://registry.npmjs.org/@jridgewell/resolve-uri/-/resolve-uri-3.1.2.tgz 2224ms (cache miss)
1974 http fetch GET 200 https://registry.npmjs.org/@jridgewell/sourcemap-codec/-/sourcemap-codec-1.5.5.tgz 2294ms (cache miss)
1975 http fetch GET 200 https://registry.npmjs.org/mongodb/-/mongodb-6.20.0.tgz 2352ms (cache miss)
1976 http fetch GET 200 https://registry.npmjs.org/@babel/compat-data/-/compat-data-7.29.7.tgz 2336ms (cache miss)
1977 http fetch GET 200 https://registry.npmjs.org/convert-source-map/-/convert-source-map-2.0.0.tgz 2359ms (cache miss)
1978 http fetch GET 200 https://registry.npmjs.org/json5/-/json5-2.2.3.tgz 2365ms (cache miss)
1979 http fetch GET 200 https://registry.npmjs.org/semver/-/semver-6.3.1.tgz 2387ms (cache miss)
1980 http fetch GET 200 https://registry.npmjs.org/@babel/template/-/template-7.29.7.tgz 2427ms (cache miss)
1981 http fetch GET 200 https://registry.npmjs.org/@babel/code-frame/-/code-frame-7.29.7.tgz 2538ms (cache miss)
1982 http fetch GET 200 https://registry.npmjs.org/@babel/helper-module-transforms/-/helper-module-transforms-7.29.7.tgz 2539ms (cache miss)
1983 http fetch GET 200 https://registry.npmjs.org/@jridgewell/remapping/-/remapping-2.3.5.tgz 2545ms (cache miss)
1984 http fetch GET 200 https://registry.npmjs.org/@babel/parser/-/parser-7.29.8.tgz 2721ms (cache miss)
1985 http fetch GET 200 https://registry.npmjs.org/@babel/helper-compilation-targets/-/helper-compilation-targets-7.29.7.tgz 2763ms (cache miss)
1986 http fetch GET 200 https://registry.npmjs.org/@types/babel__core/-/babel__core-7.20.5.tgz 2800ms (cache miss)
1987 http fetch GET 200 https://registry.npmjs.org/bson/-/bson-6.10.4.tgz 2856ms (cache miss)
1988 http fetch GET 200 https://registry.npmjs.org/react-refresh/-/react-refresh-0.17.0.tgz 2810ms (cache miss)
1989 http fetch GET 200 https://registry.npmjs.org/@rolldown/pluginutils/-/pluginutils-1.0.0-beta.27.tgz 2841ms (cache miss)
1990 http fetch GET 200 https://registry.npmjs.org/@babel/plugin-transform-react-jsx-source/-/plugin-transform-react-jsx-source-7.29.7.tgz 2843ms (cache miss)
1991 http fetch GET 200 https://registry.npmjs.org/@babel/generator/-/generator-7.29.8.tgz 2852ms (cache miss)
1992 http fetch GET 200 https://registry.npmjs.org/@babel/traverse/-/traverse-7.29.8.tgz 2858ms (cache miss)
1993 http fetch GET 200 https://registry.npmjs.org/debug/-/debug-4.4.3.tgz 2896ms (cache miss)
1994 http fetch GET 200 https://registry.npmjs.org/jsonwebtoken/-/jsonwebtoken-9.0.3.tgz 2907ms (cache miss)
1995 http fetch GET 200 https://registry.npmjs.org/@babel/plugin-transform-react-jsx-self/-/plugin-transform-react-jsx-self-7.29.7.tgz 2957ms (cache miss)
1996 http fetch GET 200 https://registry.npmjs.org/cors/-/cors-2.8.6.tgz 2980ms (cache miss)
1997 http fetch GET 200 https://registry.npmjs.org/dotenv/-/dotenv-16.6.1.tgz 3062ms (cache miss)
1998 http fetch GET 200 https://registry.npmjs.org/@babel/core/-/core-7.29.7.tgz 3235ms (cache miss)
1999 http fetch GET 200 https://registry.npmjs.org/react/-/react-18.3.1.tgz 3258ms (cache miss)
2000 http fetch GET 200 https://registry.npmjs.org/bcryptjs/-/bcryptjs-2.4.3.tgz 3312ms (cache miss)
2001 http fetch GET 200 https://registry.npmjs.org/express/-/express-4.22.2.tgz 3340ms (cache miss)
2002 http fetch GET 200 https://registry.npmjs.org/debug/-/debug-2.6.9.tgz 3361ms (cache miss)
2003 http fetch GET 200 https://registry.npmjs.org/debug/-/debug-2.6.9.tgz 3412ms (cache miss)
2004 http fetch GET 200 https://registry.npmjs.org/ms/-/ms-2.0.0.tgz 3418ms (cache miss)
2005 http fetch GET 200 https://registry.npmjs.org/ms/-/ms-2.0.0.tgz 3438ms (cache miss)
2006 http fetch GET 200 https://registry.npmjs.org/@babel/types/-/types-7.29.8.tgz 3457ms (cache miss)
2007 http fetch GET 200 https://registry.npmjs.org/ms/-/ms-2.0.0.tgz 3469ms (cache miss)
2008 http fetch GET 200 https://registry.npmjs.org/debug/-/debug-2.6.9.tgz 3477ms (cache miss)
2009 http fetch GET 200 https://registry.npmjs.org/@vitejs/plugin-react/-/plugin-react-4.7.0.tgz 3501ms (cache miss)
2010 http fetch GET 200 https://registry.npmjs.org/debug/-/debug-2.6.9.tgz 3557ms (cache miss)
2011 http fetch GET 200 https://registry.npmjs.org/caniuse-lite/-/caniuse-lite-1.0.30001810.tgz 3623ms (cache miss)
2012 http fetch GET 200 https://registry.npmjs.org/semver/-/semver-7.8.5.tgz 3598ms (cache miss)
2013 http fetch GET 200 https://registry.npmjs.org/@babel/helpers/-/helpers-7.29.7.tgz 3654ms (cache miss)
2014 http fetch GET 200 https://registry.npmjs.org/supports-color/-/supports-color-7.2.0.tgz 4040ms (cache miss)
2015 http fetch GET 200 https://registry.npmjs.org/ms/-/ms-2.0.0.tgz 4351ms (cache miss)
2016 http fetch GET 200 https://registry.npmjs.org/@esbuild/win32-x64/-/win32-x64-0.25.12.tgz 4580ms (cache miss)
2017 http fetch GET 200 https://registry.npmjs.org/qs/-/qs-6.15.3.tgz 4645ms (cache miss)
2018 http fetch GET 200 https://registry.npmjs.org/concurrently/-/concurrently-9.2.4.tgz 4663ms (cache miss)
2019 http fetch GET 200 https://registry.npmjs.org/@babel/helper-string-parser/-/helper-string-parser-7.29.7.tgz 5029ms (cache miss)
2020 http fetch GET 200 https://registry.npmjs.org/mongoose/-/mongoose-8.24.4.tgz 5715ms (cache miss)
2021 http fetch GET 200 https://registry.npmjs.org/react-dom/-/react-dom-18.3.1.tgz 6264ms (cache miss)
2022 http fetch GET 200 https://registry.npmjs.org/rxjs/-/rxjs-7.8.2.tgz 6922ms (cache miss)
2023 http fetch GET 200 https://registry.npmjs.org/vite/-/vite-6.4.3.tgz 8790ms (cache miss)
2024 http fetch GET 200 https://registry.npmjs.org/@rollup/rollup-win32-x64-gnu/-/rollup-win32-x64-gnu-4.63.0.tgz 11737ms (cache miss)
2025 http fetch GET 200 https://registry.npmjs.org/lodash.includes/-/lodash.includes-4.3.0.tgz 14585ms (cache miss)
2026 info run esbuild@0.25.12 postinstall node_modules/esbuild node install.js
2027 info run esbuild@0.25.12 postinstall { code: 0, signal: null }
2028 silly ADD node_modules/ansi-regex
2029 silly ADD node_modules/is-fullwidth-code-point
2030 silly ADD node_modules/emoji-regex
2031 silly ADD node_modules/wrap-ansi
2032 silly ADD node_modules/strip-ansi
2033 silly ADD node_modules/yargs-parser
2034 silly ADD node_modules/y18n
2035 silly ADD node_modules/string-width
2036 silly ADD node_modules/require-directory
2037 silly ADD node_modules/get-caller-file
2038 silly ADD node_modules/cliui
2039 silly ADD node_modules/punycode
2040 silly ADD node_modules/webidl-conversions
2041 silly ADD node_modules/tr46
2042 silly ADD node_modules/@types/estree
2043 silly ADD node_modules/@rollup/rollup-win32-x64-msvc
2044 silly ADD node_modules/@rollup/rollup-win32-x64-gnu
2045 silly ADD node_modules/source-map-js
2046 silly ADD node_modules/nanoid
2047 silly ADD node_modules/@esbuild/win32-x64
2048 silly ADD node_modules/tinyglobby
2049 silly ADD node_modules/rollup
2050 silly ADD node_modules/postcss
2051 silly ADD node_modules/picomatch
2052 silly ADD node_modules/fdir
2053 silly ADD node_modules/esbuild
2054 silly ADD node_modules/escalade
2055 silly ADD node_modules/media-typer
2056 silly ADD node_modules/has-flag
2057 silly ADD node_modules/memory-pager
2058 silly ADD node_modules/dunder-proto
2059 silly ADD node_modules/math-intrinsics
2060 silly ADD node_modules/hasown
2061 silly ADD node_modules/has-symbols
2062 silly ADD node_modules/gopd
2063 silly ADD node_modules/get-proto
2064 silly ADD node_modules/es-object-atoms
2065 silly ADD node_modules/function-bind
2066 silly ADD node_modules/call-bind-apply-helpers
2067 silly ADD node_modules/get-intrinsic
2068 silly ADD node_modules/call-bound
2069 silly ADD node_modules/side-channel-weakmap
2070 silly ADD node_modules/side-channel-map
2071 silly ADD node_modules/side-channel-list
2072 silly ADD node_modules/object-inspect
2073 silly ADD node_modules/es-errors
2074 silly ADD node_modules/mime
2075 silly ADD node_modules/tslib
2076 silly ADD node_modules/scheduler
2077 silly ADD node_modules/loose-envify
2078 silly ADD node_modules/side-channel
2079 silly ADD node_modules/es-define-property
2080 silly ADD node_modules/ipaddr.js
2081 silly ADD node_modules/forwarded
2082 silly ADD node_modules/ee-first
2083 silly ADD node_modules/@types/webidl-conversions
2084 silly ADD node_modules/whatwg-url
2085 silly ADD node_modules/@types/whatwg-url
2086 silly ADD node_modules/sparse-bitfield
2087 silly ADD node_modules/mongodb-connection-string-url
2088 silly ADD node_modules/@mongodb-js/saslprep
2089 silly ADD node_modules/sift
2090 silly ADD node_modules/mquery
2091 silly ADD node_modules/mpath
2092 silly ADD node_modules/mongodb
2093 silly ADD node_modules/kareem
2094 silly ADD node_modules/bson
2095 silly ADD node_modules/mime-db
2096 silly ADD node_modules/yallist
2097 silly ADD node_modules/ecdsa-sig-formatter
2098 silly ADD node_modules/buffer-equal-constant-time
2099 silly ADD node_modules/jwa
2100 silly ADD node_modules/lodash.once
2101 silly ADD node_modules/lodash.isstring
2102 silly ADD node_modules/lodash.isplainobject
2103 silly ADD node_modules/lodash.isnumber
2104 silly ADD node_modules/lodash.isinteger
2105 silly ADD node_modules/lodash.isboolean
2106 silly ADD node_modules/lodash.includes
2107 silly ADD node_modules/jws
2108 silly ADD node_modules/safer-buffer
2109 silly ADD node_modules/toidentifier
2110 silly ADD node_modules/inherits
2111 silly ADD node_modules/unpipe
2112 silly ADD node_modules/raw-body
2113 silly ADD node_modules/iconv-lite
2114 silly ADD node_modules/destroy
2115 silly ADD node_modules/bytes
2116 silly ADD node_modules/negotiator
2117 silly ADD node_modules/mime-types
2118 silly ADD node_modules/utils-merge
2119 silly ADD node_modules/type-is
2120 silly ADD node_modules/statuses
2121 silly ADD node_modules/setprototypeof
2122 silly ADD node_modules/serve-static
2123 silly ADD node_modules/send
2124 silly ADD node_modules/send/node_modules/debug
2125 silly ADD node_modules/send/node_modules/debug/node_modules/ms
2126 silly ADD node_modules/safe-buffer
2127 silly ADD node_modules/range-parser
2128 silly ADD node_modules/qs
2129 silly ADD node_modules/proxy-addr
2130 silly ADD node_modules/path-to-regexp
2131 silly ADD node_modules/parseurl
2132 silly ADD node_modules/on-finished
2133 silly ADD node_modules/methods
2134 silly ADD node_modules/merge-descriptors
2135 silly ADD node_modules/http-errors
2136 silly ADD node_modules/fresh
2137 silly ADD node_modules/finalhandler
2138 silly ADD node_modules/finalhandler/node_modules/ms
2139 silly ADD node_modules/finalhandler/node_modules/debug
2140 silly ADD node_modules/etag
2141 silly ADD node_modules/escape-html
2142 silly ADD node_modules/encodeurl
2143 silly ADD node_modules/depd
2144 silly ADD node_modules/cookie-signature
2145 silly ADD node_modules/cookie
2146 silly ADD node_modules/content-type
2147 silly ADD node_modules/content-disposition
2148 silly ADD node_modules/body-parser
2149 silly ADD node_modules/body-parser/node_modules/ms
2150 silly ADD node_modules/body-parser/node_modules/debug
2151 silly ADD node_modules/array-flatten
2152 silly ADD node_modules/accepts
2153 silly ADD node_modules/ms
2154 silly ADD node_modules/vary
2155 silly ADD node_modules/object-assign
2156 silly ADD node_modules/color-name
2157 silly ADD node_modules/color-convert
2158 silly ADD node_modules/ansi-styles
2159 silly ADD node_modules/yargs
2160 silly ADD node_modules/tree-kill
2161 silly ADD node_modules/supports-color
2162 silly ADD node_modules/shell-quote
2163 silly ADD node_modules/rxjs
2164 silly ADD node_modules/chalk
2165 silly ADD node_modules/chalk/node_modules/supports-color
2166 silly ADD node_modules/update-browserslist-db
2167 silly ADD node_modules/node-releases
2168 silly ADD node_modules/electron-to-chromium
2169 silly ADD node_modules/caniuse-lite
2170 silly ADD node_modules/baseline-browser-mapping
2171 silly ADD node_modules/@types/babel__traverse
2172 silly ADD node_modules/@types/babel__template
2173 silly ADD node_modules/@types/babel__generator
2174 silly ADD node_modules/@jridgewell/resolve-uri
2175 silly ADD node_modules/@jridgewell/sourcemap-codec
2176 silly ADD node_modules/@babel/helper-string-parser
2177 silly ADD node_modules/@babel/helper-globals
2178 silly ADD node_modules/@babel/helper-plugin-utils
2179 silly ADD node_modules/@babel/helper-module-imports
2180 silly ADD node_modules/lru-cache
2181 silly ADD node_modules/browserslist
2182 silly ADD node_modules/@babel/helper-validator-option
2183 silly ADD node_modules/@babel/compat-data
2184 silly ADD node_modules/jsesc
2185 silly ADD node_modules/@jridgewell/trace-mapping
2186 silly ADD node_modules/@jridgewell/gen-mapping
2187 silly ADD node_modules/picocolors
2188 silly ADD node_modules/js-tokens
2189 silly ADD node_modules/@babel/helper-validator-identifier
2190 silly ADD node_modules/semver
2191 silly ADD node_modules/json5
2192 silly ADD node_modules/gensync
2193 silly ADD node_modules/debug
2194 silly ADD node_modules/convert-source-map
2195 silly ADD node_modules/@jridgewell/remapping
2196 silly ADD node_modules/@babel/types
2197 silly ADD node_modules/@babel/traverse
2198 silly ADD node_modules/@babel/template
2199 silly ADD node_modules/@babel/parser
2200 silly ADD node_modules/@babel/helpers
2201 silly ADD node_modules/@babel/helper-module-transforms
2202 silly ADD node_modules/@babel/helper-compilation-targets
2203 silly ADD node_modules/@babel/generator
2204 silly ADD node_modules/@babel/code-frame
2205 silly ADD node_modules/react-refresh
2206 silly ADD node_modules/@types/babel__core
2207 silly ADD node_modules/@rolldown/pluginutils
2208 silly ADD node_modules/@babel/plugin-transform-react-jsx-source
2209 silly ADD node_modules/@babel/plugin-transform-react-jsx-self
2210 silly ADD node_modules/@babel/core
2211 silly ADD node_modules/react-dom
2212 silly ADD node_modules/react
2213 silly ADD node_modules/mongoose
2214 silly ADD node_modules/jsonwebtoken
2215 silly ADD node_modules/jsonwebtoken/node_modules/semver
2216 silly ADD node_modules/express
2217 silly ADD node_modules/express/node_modules/ms
2218 silly ADD node_modules/express/node_modules/debug
2219 silly ADD node_modules/dotenv
2220 silly ADD node_modules/cors
2221 silly ADD node_modules/concurrently
2222 silly ADD node_modules/bcryptjs
2223 silly ADD node_modules/vite
2224 silly ADD node_modules/@vitejs/plugin-react
2225 verbose cwd D:\Enerpay
2226 verbose os Windows_NT 10.0.26200
2227 verbose node v24.14.0
2228 verbose npm  v11.9.0
2229 notice
2229 notice New minor version of npm available! 11.9.0 -> 11.19.0
2229 notice Changelog: https://github.com/npm/cli/releases/tag/v11.19.0
2229 notice To update run: npm install -g npm@11.19.0
2229 notice  { force: true, Symbol(proc-log.meta): true }
2230 verbose exit 0
2231 info ok
